componente_1,componente_2,componente_3,componente_4,componente_5,reparable
0.15384272318051806,0.5151482247181473,0.6780602220343781,0.49796815710390674,0.24367942071231408,1
0.4919852161464948,0.638746160030726,0.4203172110770108,0.48838981964027617,0.39816759130114054,1
0.08208775009954472,0.15671409917361523,0.6179315115645388,0.3610650760956985,0.4178350146341897,1
0.4974295059643341,0.31585635505835497,0.26172447754430517,0.9081097953353536,0.3545701142061167,0
0.08943418556079663,0.3806649910074169,0.9265068519711817,0.9108254972595154,0.4440454185897358,1
0.9469015779916898,0.16140415314471612,0.8179074374081343,0.49202952839116754,0.3616956088579282,0
0.6649794347097104,0.8672990583024703,0.9472745081580979,0.8909680646578905,0.7778377657828751,0
0.850004738902763,0.9572786543111182,0.6518929866698773,0.9271247207038004,0.40392395131070924,0
0.488449596366905,0.3362135059795778,0.4090061867394471,0.42297157560408405,0.6115919655707893,1
0.20470653826316187,0.24273320212281313,0.6536227253168662,0.47997072425610443,0.27947542969535166,0
0.5339603217430126,0.1757814173304324,0.01341259265554584,0.44159683167987485,0.3120234631692641,0
0.7560399735115662,0.29101642351358636,0.800660186967369,0.9817340152672281,0.3302468533778804,0
0.36636259647447666,0.6958395473448352,0.5259435834457341,0.8158649961412598,0.8674597248111637,1
0.5283541211505403,0.23211789949680584,0.4089497712360586,0.7431053977766771,0.836966694194231,1
0.645995858361774,0.3344767828518087,0.2660453044353406,0.4590464007899622,0.13130295650938684,0
0.30000002507823376,0.9717115523724517,0.3517196199615308,0.37597331913946264,0.9679720114573904,0
0.6689337989210347,0.1935680483339276,0.751989657516266,0.9698911330070082,0.01617942411966866,0
0.5326953481439476,0.1501286626906656,0.31475165757908596,0.09120266396230348,0.9478844630313069,0
0.38555487485681617,0.8790269628504753,0.4623548779944462,0.20268592057431867,0.26142844755851613,1
0.8883598671343387,0.054783881324788286,0.6790242280772243,0.10558777806929931,0.7066701173733221,1
0.9288131116912685,0.9346683879875547,0.47861080873590645,0.7972236708856825,0.40127374860052667,0
0.21447812892595985,0.09526820031838201,0.34149928877653646,0.07263266201408469,0.6029675116846166,1
0.8723746521168697,0.8119849536896638,0.6752545723541173,0.27242401203613686,0.2168106397691849,1
0.6214589694764577,0.6389790218935781,0.1378176091612211,0.6276694406122415,0.8544975971990497,1
0.8742561457072758,0.5717214888410018,0.46290627459156963,0.7076074130131659,0.7308147702245993,1
0.0711937498898898,0.3929670533940951,0.8387384435507321,0.01616374303714896,0.26887033818077766,1
0.4915428169750432,0.1988290074985617,0.6018099885274628,0.15613731579641266,0.24803434744981012,1
0.46159321173083867,0.4411278867545384,0.1809846711523816,0.1370054079604649,0.319018932264848,0
0.35833443793634057,0.21197289769395578,0.4638881067843702,0.9870664421669195,0.10418475848290953,1
0.5763273614365741,0.3576660055559341,0.45123434939588614,0.7838062789440904,0.774065098990245,0
0.05558385392502263,0.3083872670230843,0.7749443252078748,0.4713195230474263,0.4741588477153107,1
0.9359766812187432,0.20801533239914394,0.8432833239577626,0.999149878373454,0.5469776718442714,0
0.9562168133266865,0.6493273339694084,0.13905899762013707,0.41626027203947014,0.10546347754719487,1
0.8915916227280325,0.9402552089425701,0.4788061926709455,0.6334339368547226,0.2871907267320768,0
0.06219948955609034,0.3717034369808361,0.49994853893390157,0.6753066881626842,0.2103660405406843,1
0.1705108545570112,0.6412164274685762,0.8934473723858631,0.08748835808549527,0.7184397664258303,1
0.23521861814069622,0.45194487606512357,0.7459851422791731,0.6340012434050101,0.09134972930510599,1
0.3531635202226545,0.024404910407250235,0.07553118328830166,0.6755299773553254,0.18616457155046995,0
0.548945252001974,0.5550988081001739,0.3088730245449077,0.4126868658667405,0.19195998448481144,1
0.5551566339887999,0.9265997869139779,0.8099246604697489,0.13726746420240954,0.49072562151758514,0
0.20660484737492535,0.4389248107976359,0.37207219062512265,0.8016783722055276,0.4443779471619599,0
0.991067550318878,0.0795984540648742,0.8494132222441123,0.13481546887863471,0.9127920671924544,1
0.12245499444048158,0.8955802391211237,0.3085441663143863,0.3393475025758297,0.3273423189272544,0
0.39938647157689333,0.9887368812862092,0.9806564510064533,0.9010828489644536,0.16133487694780602,1
0.2067096620334089,0.05741364978061303,0.7960451575442332,0.38399748441046677,0.4563507495464877,1
0.3610838431264556,0.08201107684779352,0.9194670419906813,0.27593898658796867,0.05084988982408478,0
0.11720679947553991,0.25807912105956354,0.9018079814234767,0.8205326929598797,0.4879539346223384,1
0.6323745615062052,0.9759769476627204,0.33288259346515814,0.07039730200841976,0.21122179008549813,0
0.6070379468883572,0.59766741859175,0.7432866445743465,0.9781405361405632,0.8967884334100735,1
0.5999823729538408,0.3354683195392556,0.35762510957434535,0.521561243940306,0.9619252149503367,0
0.9929966250812309,0.48371128194244506,0.22023625301003502,0.5238114674120029,0.11683520484413057,0
0.29478423570066714,0.36032625462250145,0.9411689522676329,0.6894087777996899,0.7507342193500957,0
0.33518979655493797,0.5013588554097878,0.11659208573195723,0.7144634318053762,0.15674685308848102,1
0.99716707254069,0.6853288938438237,0.1083867453438393,0.24207542359855316,0.825350195564149,0
0.5484203404410906,0.776407937216812,0.9827506342324583,0.4606850986985904,0.1382988699925115,1
0.176460088182529,0.40443841746621256,0.5037574400759371,0.7823255805344621,0.9562783903328037,0
0.4342566308885928,0.7170017317401546,0.02621579104293159,0.09973698276322263,0.4266234535553597,1
0.9399460504673288,0.457392773118,0.7707668171062804,0.10889773942830383,0.8254626493037593,1
0.32467435827495117,0.383795066138656,0.08926904302713545,0.7682689895537386,0.9535911249285708,1
0.07489494880074388,0.18616435801084574,0.11639907765548108,0.5293873906687857,0.2377592499104293,0
0.10118650579666388,0.7471813807234267,0.5702351986688501,0.39518001260987257,0.26889668510890363,1
0.4733777192294579,0.8067080933730549,0.9330441787390288,0.6031458920301467,0.1823552955598401,0
0.8850677791934762,0.9634665652264659,0.21241168636042873,0.4950937719289288,0.6360919059350905,1
0.7070253342674663,0.24803851669857868,0.8087694163933424,0.5871980611121468,0.5285767742051519,0
0.8451344127757883,0.281384327328112,0.73821232107203,0.9872839609651283,0.33918508493545196,0
0.9599463031159984,0.08346940072564013,0.22457773201525433,0.2732730053968364,0.4111082832410582,0
0.24549896826856266,0.23690968414166347,0.8211635892539423,0.8992841459537916,0.21343872626342464,0
0.4396249551756152,0.9017205068208791,0.9536649946691216,0.32149613069400895,0.9021061493592313,0
0.24068118816787532,0.18099496370096924,0.4463924422731007,0.22677692081564838,0.7187523569380921,1
0.15197715854151628,0.43630859301127656,0.29076599421455174,0.3101921167682008,0.2802062436452575,1
0.9836276164306582,0.6708465523843965,0.48735871567837863,0.5653944584974381,0.7614103769259772,1
0.8117104630648775,0.25781335085951584,0.4358420675524075,0.742565510473162,0.18496264136629537,0
0.9255994813241916,0.5604242778422237,0.992389301799933,0.47472131889781544,0.7713733414735002,1
0.9065229278360762,0.1339454378508238,0.66761681602422,0.8130260080805815,0.5818271405854004,0
0.3679319931801305,0.34703408292124915,0.5198083961511141,0.34167591689774046,0.03735736988910121,0
0.17037585331501814,0.22325869890282524,0.877186908880563,0.8762790322084294,0.1784450962318066,0
0.5384194072681435,0.7377283708344026,0.8376431152614643,0.20730503830529345,0.2471708888699342,1
0.913685633861982,0.4544967320178168,0.0844179656006252,0.2502838188537666,0.8853111300643114,0
0.49709306167829004,0.22558547828252995,0.5624815452905065,0.48837259637427244,0.6720239844552169,1
0.07216116258533711,0.9148721537321317,0.710243988668822,0.09678236556025122,0.951298163427376,1
0.3553104420547949,0.5998282473862454,0.39201021843466466,0.9727333140292945,0.49384582711453817,1
0.45231465898847323,0.16285886187142973,0.3857541561069676,0.6957700320609463,0.014206829062093695,1
0.5409417909469592,0.5679964287417506,0.8909890792560398,0.38467638935932436,0.9696910324972174,0
0.3216821082242889,0.9542124107736686,0.7798617609832954,0.12613774325911764,0.5915106780597411,0
0.46602743212194786,0.4846695667422459,0.3853683465063742,0.780877687357633,0.6420669181970843,0
0.4421807626599483,0.7055118061868156,0.6788866303818193,0.21316745817267668,0.13148814075697945,1
0.6871375771345353,0.8149259729280343,0.7728581922302039,0.8228136812122696,0.547556678358894,0
0.40222018638887425,0.49308341692246094,0.8699999251737432,0.2244535362862552,0.6643309245790432,0
0.7431661862246263,0.8769978618477677,0.9961674076550214,0.8414192004394764,0.6566851129574026,1
0.0927129729189674,0.6589888821802786,0.05564630441503582,0.373770682605744,0.5305096670188093,0
0.6797980479647903,0.6649854932191541,0.09556288249326006,0.8428333392235645,0.7813476676520819,0
0.4131342091108665,0.09356428179208198,0.6280655270545027,0.4688424838219716,0.7015726278478185,0
0.2643150832241563,0.11404368916954777,0.40047025278642834,0.6866539027814945,0.7289059902772491,0
0.15604214165455,0.32198920218157245,0.04802483113828382,0.5080267001200437,0.000755752950860944,1
0.23009373787850984,0.11843686964970201,0.06217849996548008,0.7065225887933294,0.38452613394878177,1
0.17716415290024157,0.3365583984461231,0.3130711885719043,0.04565937387621166,0.5566661868981719,0
0.8471689643893817,0.09287124096795618,0.9193637794293313,0.775247745749881,0.016671464076547182,0
0.16083959123619762,0.44042460382849746,0.16191464838803515,0.09171921830817509,0.8289590255762207,0
0.12798599445147585,0.23838408639167608,0.30295006190965657,0.9667657611708466,0.9208571397852969,0
0.5297427276827732,0.9364377441615979,0.7226692477838281,0.5619236455411679,0.06730658284699587,1
0.6096846880337471,0.9958298585457762,0.16249645663097445,0.7608790302550172,0.43402696645100325,1
0.3697554700505964,0.3915950907263732,0.706468670775907,0.20845810593495162,0.37043718664195446,1
0.32837863814466184,0.42358611560931947,0.7778591056629546,0.517427367232194,0.22694946042243624,1
0.3593516583486037,0.007944344216159194,0.6855338835025826,0.0650034325968809,0.6840792826626296,1
0.2795987919062233,0.17216918814390503,0.753618216210572,0.4364030312596632,0.05523974411101651,1
0.536579612308937,0.19240055509073328,0.7023907707486291,0.838654621767252,0.050503804046136413,1
0.9480405578313404,0.5788829407217957,0.9030693091085656,0.711478432119023,0.7045907151029163,1
0.18724698828317987,0.5676031517867802,0.12090894035504773,0.7321219195098804,0.5317111001139175,0
0.0168864149636484,0.2937372535151388,0.49674148064299617,0.17297248367782025,0.13147396957077018,0
0.6908626581577725,0.13400229323169044,0.2754294089837669,0.3067133603722956,0.1310077801995223,1
0.0496076408297037,0.3795205325362906,0.8808779280839347,0.7006044480886979,0.5006722498917909,1
0.09678710866968598,0.2042354505551517,0.3709652310863152,0.7950210875601884,0.6214692172731604,0
0.797320551593288,0.615907281737041,0.7907869829522467,0.16512080109845062,0.8406418838965048,1
0.6195563874369728,0.7796068534922006,0.19080579826803445,0.7788773814946917,0.9657083493346732,0
0.8879863830661521,0.46690593767275645,0.8834176738493429,0.8801260352796149,0.8740054379824217,1
0.4139232420505877,0.5378326907630591,0.5480441457699133,0.37154947724154397,0.7827678189714901,1
0.2181402812689205,0.5181546903205813,0.8203512332232886,0.6658189917948617,0.4176908485414832,0
0.694581203954252,0.5517797055712398,0.3600489050197426,0.4884751389356101,0.2793941045963515,0
0.9846518394095115,0.7291588764057529,0.6561760123402572,0.25235748996684904,0.28601939029448964,0
0.06424760710233846,0.22513455264946514,0.3920115256192581,0.8472164206348456,0.19332399944988754,0
0.2351763972489812,0.2787158924393358,0.606081411841072,0.8826862188597524,0.9843604844255699,1
0.3157895016344938,0.019093962111824903,0.0662330210629608,0.24272172370839562,0.1619350699870592,0
0.9866081295842719,0.8488337213146422,0.4128244946109616,0.6456759277876195,0.5146902043490934,1
0.4346580289060281,0.8595517277053569,0.7242745332370983,0.07926569893029312,0.6889298476190024,1
0.46592685716453475,0.21058809117202215,0.20255844945889423,0.9281236136751643,0.6447189344709631,0
0.15799419364752165,0.41058552614409904,0.6918828188235465,0.3530118998016648,0.47192357111001204,1
0.8495898677898279,0.6970939444363456,0.5543786323622668,0.5126204763693087,0.07982873448619632,0
0.39927352078612577,0.8038469965584221,0.7837970060235112,0.5338528922736344,0.36908372123792266,1
0.044368297771347986,0.277667980873724,0.3013109564824772,0.6020320817824937,0.36976548927535546,0
0.26719844511533586,0.2921416556608686,0.38712159233719834,0.01004439119468159,0.7266488887360079,0
0.2144587264250688,0.30735131675356553,0.8348485524117761,0.8302303789798984,0.5731373019802087,1
0.1500472627822128,0.3780497804203453,0.845652607704413,0.09609172456640247,0.09898845275326484,1
0.8128832992735753,0.9595810542566311,0.27250383696036895,0.5525233315494886,0.3065820797898722,1
0.28590138830366896,0.17655679643128608,0.3735944205348397,0.8380261291072783,0.47402221243627385,1
0.8817378320506933,0.4833375728502507,0.07802092887180578,0.2633826262695931,0.6371134153268115,1
0.020495885541680803,0.7634179722473599,0.5314023271946522,0.0626010309244831,0.5940972295515848,0
0.6791142063778696,0.740284309317806,0.4905718394412384,0.8206925322975945,0.28793993875025636,0
0.7526956849216778,0.1638910182620582,0.90910582495854,0.04879851823771886,0.8997835547010568,1
0.07616918993483512,0.5618412285454822,0.033063743840760385,0.17215416180245802,0.6661691741186032,0
0.25410519219723515,0.8495858026510965,0.8580179270999009,0.49809694001999794,0.8904831793989019,1
0.23108321089232164,0.4332703207694414,0.0810823764131573,0.009776743040149527,0.5812373940481205,1
0.12958188311122665,0.08240989222986339,0.042361092248064725,0.41404316531543084,0.9216217408927218,0
0.5382864601480746,0.6166855329760025,0.33160188562117987,0.836570769996753,0.540701825197887,1
0.9831168222063199,0.8997311062276225,0.5973360939509033,0.9528329909911964,0.1849678075108122,1
0.3965828679291268,0.6661024988453309,0.6785021310374266,0.10630360441975062,0.7536492420546705,1
0.7451251897854554,0.39571597920896706,0.5321570180005659,0.46422525127092407,0.8708425388629033,1
0.7907447249180505,0.45798086070709676,0.7297170789277092,0.04613723759239696,0.7571653958072999,1
0.0681951833043224,0.1895720666613524,0.059498149179478155,0.13077277119222086,0.6208750591654667,1
0.6252431965272267,0.6839119219319991,0.3268920268910531,0.06240544988171093,0.8167998081633288,1
0.7383689567392088,0.6346377056402466,0.49114797914896846,0.9077282427021973,0.5237252404707833,0
0.9085705826219552,0.8390178650928274,0.5876458409541466,0.23940866305295083,0.09620058981479518,0
0.6534838619692163,0.9868499218053622,0.14414610831879193,0.6042083446258264,0.5650200259978555,0
0.9025056533555817,0.925593959329344,0.7241394950160581,0.3669151815422348,0.9977040539008666,0
0.21981965602827602,0.40703906708502846,0.9383723268429124,0.6200840807122825,0.562654024673157,1
0.5955415623125192,0.8648975524096743,0.09827271921199598,0.35071760318588463,0.585449935992961,1
0.3315586239791297,0.06299186115615096,0.7358471029152777,0.010668327334369287,0.9875391925077001,1
0.03370196181786689,0.4704823242811145,0.4347130110883206,0.38173364262650655,0.9363512356475993,0
0.09211405213937107,0.4407580663908095,0.3618319924061957,0.4064875773410638,0.399325008538723,1
0.02355982165756354,0.6855405578769701,0.8701622182829277,0.24333298415298832,0.4992011475025716,1
0.025698932030545407,0.2532949552687698,0.7902817021440462,0.5140429483338932,0.12275178397464093,0
0.6425055130827635,0.9093668399892977,0.5114581198841618,0.848026388284883,0.7413162241493945,0
0.552788284162656,0.6784855327765251,0.644954246538744,0.7541089687593612,0.10666654553505694,1
0.38562980254018764,0.9920035795231237,0.6984367403815049,0.7246265437939031,0.8660127586663597,1
0.08878559110085837,0.865128084377786,0.5135306333609482,0.21342593155262435,0.7919460165946464,1
0.10680633386261318,0.9020787502012645,0.32142213263075814,0.5750023121785556,0.5397238030617854,0
0.5517414094199661,0.2559780210417518,0.9048009335491161,0.07307854929903124,0.4338577714993126,0
0.9742208665936126,0.46484702686924295,0.7839254411087687,0.37488511559061777,0.054228611083323996,1
0.5752285944457094,0.32457736236728396,0.500597895516686,0.8379153573981236,0.9081934093551519,1
0.30546294328742896,0.03644287052396278,0.7638082108895565,0.41401714883491314,0.974133033819275,0
0.6634749141498028,0.8084922194475779,0.5143339914200967,0.4516739499314254,0.2213521221171122,1
0.9947596697197157,0.16057557618661278,0.050608628384121834,0.33845308721167455,0.7159573511648482,0
0.7700336575544808,0.8646749405741024,0.8462852119203239,0.1742009645205389,0.7320698801074192,0
0.3172899278447796,0.5667448986208397,0.33106254777499067,0.16773188601754085,0.0689284800664417,0
0.08695644206253594,0.7225681276123599,0.35810035029957654,0.4203685843697862,0.9562447355455346,0
0.3379474187056096,0.7671214696657591,0.7819870702437779,0.23893041039688945,0.4178274689039465,1
0.1910372546964777,3.8802532999260286e-05,0.9030976459397622,0.5996900040171423,0.42440571232687585,1
0.41911440302301284,0.0998310635742683,0.04627131114098049,0.4661149167683192,0.6129004466844152,0
0.680313126038362,0.5786914960460144,0.6313394503873914,0.9499809242818456,0.7868183572339641,0
0.1787844656806471,0.18277965459960133,0.49824340289255675,0.09131601178410886,0.5472078383312169,0
0.6021858116825106,0.4755761546178605,0.4130234114298401,0.025813444412322473,0.25469291599753696,1
0.9731930218700188,0.8599160175966056,0.20419515868978122,0.3865250665566864,0.8759483399903198,1
0.16639920946030218,0.7389370900205525,0.3326208861792641,0.5070293371006795,0.10008628149801213,0
0.9439884580766029,0.41288542557446417,0.3107796452857289,0.4661245326029435,0.016178375895174013,0
0.4231108099529203,0.34572845695420207,0.160977700023629,0.8390959255967997,0.9232081455010693,0
0.41260580818371617,0.021517172275040464,0.22253931089708767,0.9742185100477225,0.6166649483020991,1
0.515293875413502,0.1962647626684193,0.5959838230107244,0.8014981642284947,0.8054284861235492,1
0.9254952425152512,0.010454430843309548,0.5061672558428572,0.2648736185687277,0.37354190019570754,1
0.22935909110744235,0.6061944712816255,0.1851241373978325,0.419250244847983,0.1416694428057863,1
0.5107239758930481,0.5379993011993227,0.6750861055313703,0.511376547890374,0.21524353410722263,1
0.7878807459028337,0.6510950166199672,0.3996997016067654,0.3909486422969841,0.2119225041768995,1
0.23828156743745088,0.9028487827073544,0.29808423369063075,0.12254917063335202,0.7801045265615881,1
0.40472745781620556,0.33797313825716735,0.3572537555101326,0.6749639687158632,0.8153664676303966,1
0.5447676583107172,0.21136932880185166,0.11271223458090784,0.9716989425540814,0.5517168782139287,1
0.9729640655778966,0.862879856973636,0.6610424837642802,0.7528181080454773,0.18472119132487863,0
0.7678315235399635,0.08784352762049974,0.185915801520109,0.28475813903797886,0.8296646077679022,1
0.23201982212039707,0.4520430543049594,0.36544056978720973,0.4102559674573254,0.36867186517993566,0
0.6895087410463703,0.43960850497546,0.7965650458059217,0.5079026889021857,0.14092742833181893,1
0.9862363857808772,0.33115735225929366,0.517849187377112,0.2043428995916422,0.8168892724580277,0
0.8915905964322232,0.8982846099595998,0.7451505616309128,0.47676964470319616,0.17912057016091376,0
0.04908738521033795,0.2865352908394012,0.822323123092879,0.3473523453511389,0.8432762422092758,1
0.11256574865313851,0.9347915180480406,0.3503038091308478,0.41107854852457726,0.32972630294786276,0
0.33057685416116445,0.31595844258321215,0.8527273703147948,0.7578492964593405,0.7216381055069107,1
0.9875256245063673,0.0513359805513256,0.518093915136164,0.8359000704816548,0.1937801457331969,0
0.9740199295727688,0.1630220358511303,0.45883364236114244,0.5549028368587668,0.02631911577714352,1
0.7314074851237691,0.5632779026384996,0.21740646926488427,0.8149152959604546,0.4585852947391369,1
0.28087326618204,0.8095453169738532,0.3045826167206608,0.009139822219283222,0.2900806999294152,0
0.3671398492674064,0.06210437325672513,0.4672120503486513,0.6668577661920648,0.31713097258531064,0
0.49662369279874397,0.027741416157145316,0.5788058255678579,0.033143462247400945,0.03704063095276622,1
0.6046333928220176,0.7526421288439118,0.9333107853544468,0.638710867112101,0.6928112513887528,1
0.5400456582049958,0.8856183389797232,0.5711619571291673,0.9174987240324787,0.9652202023852126,1
0.13223786287974726,0.4945286164471687,0.5835626634608145,0.30553139278468955,0.9035467579377126,0
0.13828176184970198,0.9633973289219342,0.5821668718584083,0.1597700031741216,0.2809626988455023,0
0.2702966107052621,0.22861494104438607,0.16115544767983603,0.9609959544560626,0.5651542663714071,1
0.3803457711692102,0.8637021544772007,0.478823612502727,0.9915881437431676,0.8931990468202453,0
0.957955211924449,0.5589454222501948,0.08623117670849689,0.7460650451851347,0.36604326653624686,1
0.5140240579240337,0.030959572216080478,0.5949782764609963,0.4104410276220094,0.31064796450391485,1
0.8320554878895544,0.9052956071509504,0.08720158643741116,0.695523520850925,0.8441536478839082,0
0.13244695436789122,0.22745727038078956,0.3783791165307723,0.13108994441185062,0.029157474400286265,0
0.6261153200696,0.799149704908329,0.21746268572045546,0.8567475671006586,0.06888263983835607,0
0.9835782257706547,0.5751347180219054,0.43111650530578216,0.6206150859461733,0.48756272723366356,0
0.6604087189843209,0.7746068473220842,0.2717661520665271,0.7764052755285573,0.8563897628042813,0
0.3266574713927318,0.32406049026926254,0.11045365921333761,0.0813047743727916,0.7578311522859263,0
0.6134927454745914,0.990055819845985,0.5244901270814364,0.7853295153365756,0.9390873644545574,1
0.37342012112172374,0.3445592677698275,0.976161506275154,0.08813450030207215,0.19825377517383536,1
0.6372982044722048,0.008438530950055756,0.7077644146341547,0.09575201152038704,0.18357710822121032,0
0.19902510937446094,0.25406349468597444,0.6513893689501518,0.5113830377774818,0.7105318103037322,0
0.8544174793927423,0.8051013782819573,0.20823729552703008,0.23306247585467932,0.0017890512931794111,1
0.8712031721757751,0.8570483152934518,0.6722603632609077,0.973270672703254,0.5453150970890467,0
0.449023818748572,0.7323592854194347,0.5675222077999216,0.31075173540949064,0.7417443972963192,0
0.3220126806519169,0.38282314156216257,0.3971625180857604,0.0015086074860551912,0.19774241990968167,0
0.14328031954113196,0.4898608244127358,0.24058831113063484,0.6665303365082719,0.8468408177797073,1
0.046831413388240484,0.24912610693267745,0.010531671005950094,0.1483353759560645,0.5231557690900994,1
0.5146999040672918,0.7965267928201828,0.3429268530467079,0.8098252579461509,0.247993831646262,1
0.28351221121725767,0.33147608463994105,0.15549775327392767,0.9210167701386629,0.05097179456856171,0
0.40092041521255795,0.5178965513647642,0.16720252441925,0.4228851965371372,0.9210354047177984,1
0.26265354099924476,0.22865002545090674,0.9521593072786638,0.676815599290914,0.3082997501839049,0
0.925629463854755,0.06197791629229321,0.8746913269805223,0.7537065704533172,0.4185175144867572,1
0.9477647524162555,0.5060997950145882,0.27431946311918265,0.5458338280359092,0.3010481345060019,0
0.06601206386323544,0.06379373468464167,0.5685797689856001,0.732757998945833,0.9086465463447645,1
0.4602424005581389,0.8078072475060692,0.3962589015633369,0.3829910483754342,0.7392887071749421,1
0.7163662690314017,0.3450323005647419,0.2573535041272199,0.1970733206891856,0.01006964604827254,1
0.41170808337774223,0.49325425806590695,0.9386939963483231,0.4236167507001912,0.18717810903519572,1
0.01199925449219219,0.8852914362362351,0.9123106232185044,0.8012330555368766,0.19528667846966785,0
0.08319574930255058,0.38439914927656027,0.0962611053513911,0.38246193284036356,0.3508762341857846,0
0.9674487056034935,0.18274461621948423,0.6871039871278812,0.11014000066040464,0.4072317632050486,1
0.17612209751463948,0.12444402850266345,0.4280371638728533,0.6861500509894317,0.0463645767848756,0
0.23639416621958798,0.20416413409613743,0.856750055407441,0.4314481152387013,0.7735575005360887,0
0.6733298689953022,0.4964242418253213,0.3078333279215477,0.79053594532819,0.5023287368378986,1
0.6589002797079665,0.36233699913406736,0.7636122798811266,0.8649140921390439,0.940693678320887,0
0.7137261999515715,0.9855182160764528,0.9396174974502857,0.09430527656634669,0.8792394391848916,0
0.23526423496991034,0.6901507950264296,0.9611321390868757,0.5093935927742141,0.7509974435472235,0
0.6103268319648242,0.8876265660918768,0.2956297386077841,0.6593077373883667,0.6469124236685044,1
0.5263896354750821,0.7470554745457213,0.5024088603808552,0.6440252434388046,0.8241280486115443,0
0.21626353631872697,0.7578585358272814,0.7988163203333152,0.4790408193840886,0.6924574673015522,0
0.12143136335569105,0.7467990277308774,0.011625720605316636,0.15446423721962643,0.968950358269255,0
0.07676382067566534,0.9701888215104607,0.9500757915458562,0.924476854241151,0.18163982320774807,0
0.8613543771310901,0.41145268955582315,0.49454540666128877,0.39797574289839766,0.413427505869858,0
0.8895582653198593,0.3158685899601017,0.8072244053185885,0.9127165743265523,0.4250656698379206,1
0.8670999902674498,0.8988371724940368,0.09539950636604799,0.3826447463758752,0.9994088369828158,1
0.5871965991059995,0.26199180208999095,0.6605147228198861,0.19392666683976556,0.4633476977360871,0
0.15718314266839006,0.2962960472834436,0.21207670753283359,0.4791260678546544,0.11436876660734707,1
0.9275870544320066,0.6555057036393455,0.6156219660618176,0.8026973033200723,0.391394733933507,0
0.11393926843135727,0.7131184157874447,0.45870503435415766,0.9277035618523605,0.13335502919592213,0
0.06326193073085418,0.5912579282737296,0.2719197730441334,0.4329331069754262,0.4621593066951284,1
0.04906617590755069,0.497965582581923,0.23847230340202086,0.1904254036699553,0.5818514476513978,1
0.8707725677829805,0.6155029248188008,0.1372162066288326,0.40215920963714746,0.8844201008168942,0
0.372750039150997,0.11470855363414978,0.8004093431378713,0.5048973295764716,0.7124126364657672,1
0.4722512134635912,0.48400398992137694,0.3674254341649925,0.07411116377459503,0.8566565040309588,1
0.5559512971592754,0.36345191133613397,0.8262328297078887,0.06072519803877641,0.31518828489093964,0
0.9236820586577359,0.6456242192266012,0.427601361796236,0.6940814780493131,0.1600573322709834,1
0.36408365063446324,0.7350733968838234,0.11520476328847651,0.49256938377048465,0.3404332078609197,1
0.9933231409426799,0.5076970265703074,0.015643129986614324,0.48893409116778686,0.4368143670904525,0
0.12483775802099184,0.06961074710329307,0.17925669352290996,0.11241923252914887,0.8066939848683021,1
0.6420073158113889,0.6436930069198069,0.5879490068059362,0.9927064512204673,0.15860334694954425,1
0.3405282662476694,0.12082363091016513,0.637929740247875,0.5649612046349837,0.5316100224900817,0
0.9324846921981186,0.23789226381057682,0.017062796688829818,0.27946684984081427,0.7928225125544991,1
0.4555208659456591,0.2176854655827387,0.33437431231181713,0.42933197220359276,0.6647513567312077,0
0.705707374457997,0.33897663814907475,0.5387386376832418,0.9140178606172117,0.6339661729374452,0
0.21804814641882886,0.5299619523487056,0.5192270534686082,0.9031793635047547,0.9047136202116854,0
0.34035617690952324,0.473473484682327,0.3044510280753434,0.9749447902195183,0.14512245855898387,1
0.758546053802562,0.958912559191736,0.21124299271241165,0.7888280989685591,0.6416120335818176,1
0.35849741221093334,0.4159909804634949,0.08842569357667618,0.6109413744996991,0.4767979414744101,1
0.9785010099461868,0.9075553492985182,0.9551153580650023,0.7990486952180303,0.9518970214408107,0
0.2048450372546854,0.8113627741136933,0.6139167838118713,0.4515334480217178,0.288531355805287,1
0.8514363748480234,0.9664791345659033,0.9782974228534901,0.5240110195027754,0.22918749783904513,0
0.8351989936180786,0.36264791011865005,0.051712966973404884,0.05303611815512976,0.40071702385745556,1
0.9347712033026037,0.4645496834742986,0.2538505387649187,0.19302855663099616,0.23973782283187428,0
0.7578281842158209,0.7261112688147024,0.25473103328085334,0.019748904902733844,0.2249758162141854,0
0.27873494354105577,0.6797935662694604,0.7308342545935098,0.5811157984176607,0.41685112780090994,0
0.9870873814673671,0.21075815347250726,0.8357306055013284,0.8690754687490703,0.29951139463132515,0
0.7550919532935126,0.6858624689904292,0.35784491080148884,0.44282632364376384,0.5573063886901665,0
0.4721532758702971,0.962724540845606,0.7355195818073154,0.5743318778173505,0.30488915827976903,0
0.19574538516557705,0.6116753075703726,0.09080894506281656,0.8166829756630669,0.3195445825031228,1
0.753132246759549,0.31958399381653535,0.8108388061120372,0.24601685568223308,0.9098639494642157,0
0.1521600250777655,0.9602541896598331,0.5670884612008221,0.5920261317019192,0.5604398067393916,0
0.46404184508817437,0.8616192424794052,0.21446206738795748,0.8725982680726965,0.2639487104127711,0
0.8163849833455105,0.3757521660570464,0.1891140052845387,0.6039265830244402,0.33869753632772015,0
0.4820170372968535,0.42364486433651527,0.8233290675421592,0.9942896861742638,0.5477301044909099,0
0.6225693974388444,0.14379667202725588,0.3225388207120682,0.9702293658242349,0.289746302064519,0
0.07502827765505504,0.9982590821853429,0.8875976914947953,0.6614995045298864,0.35253364008435073,0
0.46791620609244244,0.5379956716304549,0.00526208075380874,0.6283159193061362,0.0025295092576758105,1
0.9976263293823636,0.09319129042503282,0.8323839399374313,0.8068170837912717,0.029672055558835453,0
0.903569421354786,0.5629031199214164,0.39064794603217234,0.0031165006733866463,0.5564278986352872,1
0.8017625348571847,0.3869619715678847,0.9884861036086291,0.6732579849344686,0.8659668325645459,0
0.34354317811982515,0.6192090835194682,0.21822574426669783,0.4577207599424463,0.19051225871733735,0
0.3919383690726652,0.09102561833382883,0.5052762072523863,0.5539163163652051,0.0854228401778031,1
0.4667676901366251,0.2817648045489908,0.6335582650438687,0.18649315134492628,0.6550203319230696,0
0.5657016606762864,0.9843949120899995,0.6248562992944259,0.591209761823297,0.605379141678463,0
0.9333465448950451,0.7350798329496332,0.5033097659490496,0.5916463690162399,0.2766090333598198,0
0.6794476370755979,0.40464634508658315,0.05674436713819375,0.8348597946877073,0.2398733452695474,1
0.7845140177783507,0.7905017403140718,0.7974193757551981,0.5539104893644202,0.10184645318797725,1
0.6836047714552999,0.8202956995521378,0.5383341276447956,0.7663559536132584,0.6980271343115168,1
0.17222140358603377,0.5989832547940229,0.17409240601399278,0.497016339428374,0.5243943911032104,1
0.9658561923455496,0.17740965506830275,0.7079001371288639,0.07834561728813072,0.8161647703070984,0
0.4499806411570271,0.906532419704867,0.12492576617655615,0.885063560395987,0.2837031298108076,0
0.022320896822698888,0.4313669322547349,0.5656499947930533,0.4695764794834466,0.461240389225792,1
0.4466798898516444,0.1648872828590262,0.8554871613568306,0.3491943420294765,0.9978998014555822,0
0.5545273535592469,0.45858708881704213,0.7257680673281117,0.7249855519815497,0.5302230919998712,0
0.8258076240382252,0.327163847294867,0.26518266272499913,0.5445500726360757,0.32092744300128595,1
0.4652855264284662,0.4450543152465042,0.685191749259595,0.5530714163030601,0.6560781620735652,0
0.7981318523549856,0.37512731055912785,0.955531217223139,0.6662532682770043,0.07479581365245325,0
0.26033728862373107,0.5772407233924264,0.6741744698961704,0.582051783017151,0.945632161890611,0
0.5725757107535397,0.4307558257790166,0.6856784497200795,0.9147585742139225,0.8117763910673422,1
0.5913029546026984,0.32653943781100747,0.00238519168549034,0.3563012170830344,0.38784443214753994,1
0.9700260988893941,0.9438539827311938,0.6644515501471503,0.6295455714318271,0.30629467055069703,1
0.9305385405078291,0.5861586019836436,0.6476983716664413,0.09581611157640468,0.5138129539614574,1
0.713690755737047,0.19238266229825496,0.061154074442691275,0.8341721599233389,0.4793457969804237,0
0.7691163504536233,0.3793786499975428,0.31986308666521046,0.43764642119604036,0.514698392888703,0
0.030628927414271145,0.007984614117237943,0.9479658238808941,0.6795112533932666,0.7473342783594921,1
0.6274427001870879,0.810897583614417,0.1403095545107873,0.7146190086077542,0.15352531578110928,0
0.5580219104455815,0.7816195002089449,0.9877066557245784,0.688551312316248,0.29841023183973425,0
0.17257126655190336,0.5682216746388533,0.4383740383975987,0.2325540933621052,0.08062711894923258,1
0.7832064721842619,0.6633075981622003,0.8174474919088147,0.9448356909407772,0.837879219929596,0
0.7652088124195379,0.1085413421726289,0.9038270268825908,0.5894619469605528,0.4924851411659932,1
0.20764114965619218,0.2730314115471951,0.6043306942702732,0.7172149990221168,0.8262637524742273,0
0.9148765674047048,0.3930271972006303,0.47047625967592144,0.5848041301359039,0.4784887349417144,0
0.6564989373943786,0.17618908208331607,0.687321037693995,0.6439870971874835,0.2000954421137875,1
0.6393061109397754,0.8005878580916475,0.8136451808619355,0.8461238254578454,0.3289545712929527,1
0.9362045993751903,0.5618200378721563,0.05290508614819189,0.5269210341065256,0.6030773824028709,1
0.7737518360347553,0.3349449897282034,0.3216769929912138,0.46173788851914377,0.5738092944564841,1
0.3714961270599124,0.25778173320646125,0.21709438811232695,0.6035903788974821,0.76430275628552,0
0.349851071935638,0.3378115956957062,0.07068645012473285,0.424276329470214,0.37138282941547396,0
0.6893808318754939,0.7932925773690123,0.2980066126081736,0.9664412467007916,0.9518936890456072,1
0.665825743748754,0.8940676217605333,0.3750110345364914,0.3935233149467705,0.6815181294593035,0
0.4364497482593245,0.5904982865119074,0.45497867242278567,0.4292192357324395,0.7757521298719754,1
0.6341477925970114,0.2415900332202603,0.4150031367486162,0.21443962328570854,0.6931665833266707,1
0.06817184142874366,0.6371056970983288,0.2566011571563963,0.5618435586694905,0.703701901232832,0
0.44614665215385063,0.03495590790890646,0.6880683434501965,0.4708615181908048,0.9911908228216294,1
0.11359996276577311,0.8074530391582764,0.038459197995924455,0.20121595036648476,0.9714821437605081,0
0.1933345837316025,0.6185358854461266,0.7926631698735341,0.6634371018295954,0.2407335466607441,1
0.47376884807765207,0.21728211094243433,0.19357637010593898,0.599402458203998,0.7959281924622008,1
0.5454636329090597,0.4989786153582342,0.4820683627959126,0.33901401465577363,0.16377199252389474,1
0.2811113975516849,0.601297391448653,0.017150742673147312,0.9322049248189465,0.4983298223619298,0
0.23992075138350177,0.026764041134433758,0.5309675982963593,0.3067192969587652,0.4723010432878326,1
0.16570352556428358,0.11914066557020109,0.7920322150958372,0.436016704740543,0.7769481024760916,0
0.15758483371980303,0.5342744142661563,0.3936302756924739,0.8901800187232466,0.2964354121661271,1
0.3567540057827451,0.7660918691355264,0.8608615788526995,0.8773187617721439,0.6461981638200257,1
0.17225520222496038,0.13540895560952582,0.19348628280047986,0.7817617801445194,0.5454136987655666,0
0.20548703575390592,0.5921886173186427,0.7531800597026803,0.5989770265023909,0.32411446713036696,1
0.8899956008789449,0.8714484172074792,0.28338190162861676,0.7116611962376798,0.026986951983314134,0
0.804324345588375,0.328538557271408,0.4521618177334389,0.19249281957659092,0.20824453241620933,1
0.98417848880949,0.8079925123313786,0.3613692562098578,0.25451034769286907,0.8917407080758456,1
0.20829063568059203,0.5185558054874855,0.6499962105447008,0.24332055335155334,0.03661512919884924,0
0.5907491614941826,0.6318614599566049,0.9777901597977928,0.4252476719264201,0.31404008090901936,1
0.5318386294727173,0.2758997139064763,0.41709446223563296,0.3722136817075524,0.05560104496996965,0
0.025366220495876446,0.1775187333111492,0.9701794489443065,0.22662426414791337,0.26402409961485696,1
0.12555019403565937,0.09334095980168311,0.013038787715150657,0.7038794233037753,0.49008410504378186,1
0.7230423810302254,0.3283479935256739,0.7339900541387676,0.8858544832885409,0.9767382177422242,0
0.4687074631664909,0.5984230789525213,0.6816657955036401,0.7779784498908214,0.23423689126601988,1
0.04562642801842831,0.3687644372586283,0.23070646443570642,0.07389756383153201,0.13849659304725304,1
0.9020747929231521,0.18043255571785854,0.020101650545597982,0.29491858681304706,0.5115935421010069,1
0.5877046184818626,0.45823885052990077,0.9845977909688183,0.09956656183465973,0.7609550026033373,1
0.2521414846437571,0.9964698869905586,0.34359591379556487,0.016557475579381364,0.4951432495079392,1
0.10070439235785511,0.2988874787881215,0.29795336457122634,0.8987228029167029,0.7986096400391335,1
0.2731579325515847,0.49811892559668103,0.8534638775779889,0.7507895249929463,0.7374067789404168,1
0.6846137925826491,0.2617032698851893,0.5400470940504725,0.3439103290822937,0.08838976052424019,0
0.8078927492731656,0.6129595361617463,0.8221367132361892,0.799729574330791,0.1275325109964076,0
0.4555108372601092,0.7562044497838167,0.49549610926344645,0.7962062309843115,0.5266842792718728,1
0.3112586340286594,0.8537489491123131,0.9793737631574725,0.9835558343929665,0.3221394804598471,0
0.09382216115745545,0.8513768936690457,0.6298715048720865,0.031838993523752857,0.932582236086111,0
0.46445050366905505,0.31492898508615785,0.2806022479565923,0.8450210798922692,0.398840372143065,0
0.9298050509094612,0.42710000705118634,0.12027619084613483,0.39460480473921933,0.2613037404609314,1
0.800466420174455,0.5738391980992636,0.6119236023484388,0.117336146410713,0.5595515529155293,0
0.8833596119090722,0.9802767624748859,0.26551153799489446,0.8881855040548804,0.8004568671810938,1
0.5077427234515086,0.06968494629850641,0.09175374882989795,0.5616314792662033,0.7254118254549765,0
0.9029303735523259,0.7028222240646541,0.20837777633469956,0.22424860331875585,0.6236048099089303,1
0.8615543324577343,0.3680270870683151,0.3607576859730399,0.05118480565873362,0.6742095637407144,1
0.7272765598639588,0.06482637557146875,0.34055133425836803,0.32221220681181917,0.8251263654524331,0
0.13569596036560738,0.13956374053152498,0.8733181874725136,0.07163787127013377,0.6398412189848435,1
0.22279669948166292,0.5987930078794315,0.8823528918347494,0.8096615258675777,0.42361331507481337,0
0.8147119442695637,0.27920819672190933,0.7185532899258278,0.4387857622531913,0.7084704357634297,0
0.014384877626281822,0.7114273859155712,0.18545044906010932,0.9315781092038263,0.8753800861440683,1
0.7501923957160944,0.9476473281518978,0.15473398034318142,0.49309144272582806,0.8657335759796108,1
0.46310249097984624,0.25368809326690445,0.9670973924258376,0.48505083526213544,0.5142381370058107,0
0.28919876641569897,0.6400671281494484,0.8752987115605637,0.8461567302489315,0.7710707585459464,1
0.9115365050005938,0.2939505416815792,0.8406962394735332,0.45663858030744375,0.9813037724755305,0
0.5526183557377748,0.011459789050410896,0.019233545041244526,0.970918348848724,0.653248133020998,0
0.35633466449038953,0.08710028484403842,0.21592890887371174,0.48045093148749285,0.27253699260141917,1
0.07679708500087035,0.5466989578982596,0.21953808056282353,0.7669839955572886,0.15305450724567082,1
0.9410822902757285,0.09988574292801577,0.8851732711940474,0.6137288454942578,0.7397661181394779,1
0.5942388194965761,0.8555297730866762,0.2989482685439008,0.7546919930676907,0.8844920670017618,1
0.5903276518395104,0.9913428756312086,0.6746450314780005,0.7587976763916751,0.3630594669390076,0
0.8871510726497625,0.6678373160042741,0.945064711330194,0.24194823451589553,0.13996957333215654,1
0.5499485661990557,0.9137176096513427,0.9655595707009522,0.4176196389163572,0.6973549989110018,0
0.48110574828008545,0.423500323275687,0.6563138383233026,0.7719367723291386,0.38919297714127365,1
0.9206961618621313,0.6671639025616258,0.35838206940702677,0.6917166727294214,0.20100997785202612,1
0.23774688736900118,0.09528161307156424,0.5965360951427622,0.43963265858833767,0.7291935348355864,0
0.1736977585455789,0.7207896286470705,0.8104374421019467,0.8452270046627668,0.5079813462010542,1
0.8298486848516308,0.5442175677246597,0.24137100637189213,0.2987773251967315,0.729277637702831,0
0.4307553174459664,0.6453753415792074,0.49219857450266524,0.9104129401849582,0.5973566546909782,0
0.7325885835778574,0.09678875660191821,0.8603229195719888,0.8087675097709089,0.31546302564347206,0
0.689223543909798,0.19277713012329356,0.3170375106288218,0.5179991308589036,0.06166844169666641,0
0.8459915013235239,0.24966538323937526,0.1937279376682114,0.8241962482554255,0.4983759830549239,0
0.28034497178189244,0.053342649505930706,0.1326243281615106,0.10061726860474074,0.26049918783594117,0
0.45826982290368257,0.7410340424246143,0.5299798312054497,0.5416484202061991,0.2103363011687711,1
0.38539665730257167,0.38480021269024656,0.16029032253180575,0.9425634533419265,0.6377601928252478,0
0.8112383519536714,0.7418620837876142,0.9836980604403879,0.8836560859723918,0.18106949034413966,1
0.367312653200248,0.9032397621161712,0.3873170582856915,0.7796097331471703,0.48082973797259787,0
0.6236922340338364,0.5895841381434989,0.51610715965674,0.3863868337107319,0.015883780476107723,0
0.5002706522708112,0.3741389099410526,0.44671007538285146,0.5563275701601322,0.4968786030290082,1
0.49148058117521753,0.33570358244923704,0.8569192038998223,0.9315808127444631,0.2920362032089916,1
0.6460254021131876,0.7402565381144591,0.9933112947479508,0.8583837682903775,0.1356796082913937,1
0.36096718860992927,0.1583687675377169,0.08503170492033763,0.730340269943328,0.6750496539018405,0
0.1740266265290138,0.3173028410884259,0.205115274537793,0.34607714713001114,0.9642182524009066,1
0.8929737414504244,0.9024690798226305,0.5654773659438399,0.6246195809369504,0.9156552831863402,1
0.8919154110939881,0.05542598237781049,0.7472950059096891,0.6112877582273306,0.1315739077384077,1
0.6510245575110822,0.49137135353278405,0.36785109840157726,0.4328714633631212,0.0369427432871533,1
0.7914532839432312,0.8456698249989055,0.5865354159771812,0.5379142343836829,0.9637952025790658,1
0.5291181026037644,0.9311546596325578,0.67319382078185,0.8179411867730702,0.758621308041396,0
0.7001532895206036,0.9818223667022472,0.7892174885554193,0.6457489709948401,0.571756621576055,1
0.8540578136406222,0.7763077217077062,0.0351030671826007,0.14091541904895,0.8530711493728524,0
0.38114659892748426,0.4557124717210379,0.4648731031622668,0.6984165277514242,0.9406397704988348,0
0.5031748591392087,0.904993275936296,0.6294228486886475,0.9410887938531717,0.9551569849362987,0
0.908422334124862,0.6990362948133435,0.19888226443010637,0.7985275266557217,0.8032640102880348,0
0.3505096277948163,0.3651084636746059,0.2747108130628968,0.7955398373137279,0.5751393724338888,0
0.044402723538280786,0.6546981355642535,0.21580277602448295,0.5103873149302929,0.9191434219429855,0
0.3072883554637278,0.1774389399215801,0.8965479749844701,0.04091697212936818,0.8050796676872718,0
0.4302135584120874,0.8246737559065046,0.4933376457642087,0.0983456671685371,0.07248257842734163,1
0.7987904510143603,0.9110291838064313,0.15282010029017212,0.37764283472603555,0.0993328656278224,1
0.9517804767149898,0.04509317256197676,0.3029970420486001,0.3102797763883449,0.1549260957980585,1
0.18551886200507117,0.792999374607877,0.9746067564746304,0.09355622224648019,0.910210101757822,1
0.5294141536280371,0.376306023385956,0.4371423162335544,0.7372313439141117,0.9872095552458587,0
0.3563151333274399,0.5450865596576218,0.5229635578835996,0.8315719807377863,0.2012917757053969,0
0.5668900088467024,0.163416083914391,0.11598386434720309,0.1943905308284939,0.060981022138724916,1
0.204573621792139,0.7939215635382659,0.4101554059371627,0.5020977771877227,0.902525276510617,1
0.7273167221040767,0.17623895270011514,0.8871260833539318,0.48740019268554946,0.4690295351434872,1
0.6801854939139077,0.45926927526453165,0.537144562102335,0.23338335936068388,0.827823602805703,0
0.13747784133433916,0.2492708780423688,0.8519690169288879,0.4285245751417186,0.48866204775435507,0
0.5978487744756626,0.7681289289574323,0.2750668996243061,0.15129800474180566,0.7674491252328066,0
0.7995497071976055,0.6512665585708236,0.45818331349031916,0.4433523133967966,0.8868194835024851,0
0.4505806395342671,0.5779278370792417,0.8224417597653743,0.9778671660196556,0.7320264036951805,0
0.2770681315659952,0.9621168824525015,0.7079802133279846,0.5369708243763537,0.3947520766515308,0
0.8099783255392086,0.2277740683469921,0.486051879848432,0.4143416427054343,0.3806529332916634,0
0.8619664160185271,0.5763127862624018,0.2996551055436921,0.9286202479484482,0.23814314228849554,1
0.26130649184307897,0.9230285902099652,0.17769890040243785,0.7354999232499934,0.03605854115933427,1
0.11280340699090896,0.7637178469282873,0.08419829573510196,0.035805985523914896,0.06096484155157644,0
0.27347701548915926,0.9588057858465205,0.34521144204503185,0.14656098713562637,0.031387189258214265,1
0.998882136064903,0.5384130734697472,0.43862267049579695,0.4746401374314242,0.4243163887161854,0
0.6604734654067358,0.6948662475060099,0.44846847332778417,0.7174643590707385,0.6137709675287892,1
0.11864262873489673,0.8977584677502842,0.716816289445638,0.21528521015194668,0.06651078293836887,0
0.03942062460752682,0.0009211986171621112,0.0458762328165947,0.35241544493829646,0.8421851527440442,0
0.7898917737888727,0.5517274856224768,0.6075327085616781,0.6178613391816329,0.685611836884579,1
0.8885786703607189,0.9608169984311559,0.044584498119096816,0.20609895434236103,0.3995867962136963,1
0.9068237882969689,0.474874430880592,0.9066586671793542,0.9100868957272598,0.5185001707550019,1
0.9050457684713952,0.5059776776205328,0.5127881381402867,0.42949231242947306,0.5741570151864382,1
0.10053134822681298,0.836763474861684,0.5155142399171195,0.9905474760125104,0.6422884035906463,1
0.5861659642076437,0.9309141525260545,0.22849251130430803,0.7003126390930611,0.19545875399527635,1
0.33598898537724364,0.07813372671701224,0.8105554787333976,0.6825943717616524,0.744549872994308,0
0.7932192206818544,0.03795084583720909,0.559448737421758,0.08928786522157017,0.14833463167339878,0
0.9131940666047345,0.21615477439286734,0.3176566498309281,0.5582175507696464,0.5716314645188878,1
0.46910070987546126,0.8338074010875103,0.982144103218447,0.01826775993661578,0.7889492439009382,0
0.6909098500866098,0.11834873955458336,0.479636980204453,0.8330236365995835,0.007070668656971257,1
0.40676859998090475,0.9811837492822075,0.05776301285434582,0.07055582404820815,0.8690886865243528,0
0.5278823176673236,0.44885526065908166,0.1449936978449029,0.4598577850650206,0.09282511203830746,1
0.6149118648149176,0.7334765715506424,0.7982259308988828,0.35873261499860665,0.8573445634198331,1
0.5405381608531565,0.8301652198347151,0.1378709946559994,0.9061003070694063,0.6304074274981912,1
0.7629803684145208,0.7662082895642776,0.645068948413345,0.410999452246366,0.6190631596099938,1
0.49279273386543054,0.9494102611125521,0.9125358731626168,0.6129138613001535,0.12287166946590855,1
0.44660725474311924,0.3828819615174277,0.32374258825742186,0.779032112687636,0.18121639188172778,0
0.5575473523070661,0.9306005417428682,0.5764911397745105,0.43794928689196544,0.41762986815995096,0
0.15656093582557296,0.8107945388454396,0.3403314277613533,0.2644465400543058,0.5593368044420761,1
0.5333826749295517,0.20473437033495678,0.6607988202444159,0.4140596753807614,0.34358946256092704,0
0.20557934011779777,0.09511789425600525,0.2031273462554236,0.5148062992942601,0.15846493630362435,1
0.08363594184607637,0.1834728169447286,0.49420142657222965,0.4656287154110549,0.7493820253226781,1
0.9449171215921232,0.9966631585058993,0.5478341016003575,0.019258506893871097,0.5459469550827958,0
0.897095804618087,0.984943331847023,0.6733693989667153,0.33467582751639946,0.5879687457645062,0
0.2754534694697327,0.36838843720278747,0.46097178489850854,0.007664518996638003,0.5349581317371014,1
0.9041352655193823,0.21534385024810299,0.008944332840331026,0.8486143896624653,0.7488089496681819,0
0.7706719056858352,0.36517941079761196,0.7899834349228836,0.7745007559957736,0.34938573122116834,0
0.19715972413197413,0.7968416164055223,0.9629447101614199,0.586163500126232,0.7339192711978406,1
0.17762649172899736,0.5080403697064334,0.3881090225188395,0.6374129783490556,0.29572543939704965,1
0.7071386310659035,0.7923341383411447,0.16467655887724897,0.9245175975580673,0.6166034131854907,1
0.7244523427856705,0.42605813144672233,0.8238409058116825,0.08354939350271817,0.13531928022387252,0
0.5890350437971107,0.5463446305901819,0.9696420407470944,0.347952670740888,0.6313390782696344,0
0.7963853895210952,0.7623996925622947,0.7346827899341655,0.7507187819816968,0.6056015608853839,1
0.23325475912792015,0.8591206581159555,0.022540994039900397,0.8702314637527774,0.0586015450665881,0
0.08401876039861278,0.9519678082900302,0.45352799677927147,0.28116311297931684,0.36950462799095696,1
0.09860914692306122,0.7965193033795331,0.04537707906642263,0.46338022915007393,0.13496027088903373,0
0.3450636091685446,0.8500823535869871,0.9067448289252907,0.9301526928224153,0.1835057606280367,0
0.41403988085581067,0.7972996587910691,0.923283254899789,0.8112346240117825,0.3135676276988566,1
0.2649315609965973,0.42041496197037576,0.17656173230606242,0.054658656656203286,0.9659901065582732,0
0.5554350930664063,0.25690104231864763,0.6515095087988338,0.3533187130510139,0.2898025134077995,1
0.8222802991458777,0.017625033387085876,0.4182790011778861,0.3173657334918497,0.27723410684203253,0
0.7662721584349443,0.6098371156812941,0.04706071903655129,0.25415116832115137,0.8678123233575261,0
0.05607972466995359,0.7493495408348153,0.41224121427859506,0.4964573045586428,0.1813562525465141,0
0.9489672529510832,0.48844839060943035,0.8845445442087038,0.17140909819410222,0.08632600949780245,0
0.2543573679825816,0.6136421777184234,0.19729746048580288,0.5240076435559361,0.8864521892490352,0
0.7249716313015533,0.5033963382147042,0.938249804509595,0.16342371339338402,0.13399315895765906,1
0.4012312640387514,0.2744154831246527,0.748009040046534,0.6916546195096555,0.5051144687090428,0
0.022618193206950132,0.08421439105899109,0.2924544531524247,0.7547236141427132,0.879400468743559,0
0.30222596097732535,0.7384701687383499,0.6915028469446624,0.4219169833774632,0.2318661205742394,0
0.537986385880407,0.6669678568058909,0.15655150863736478,0.3900021140111368,0.20352705781849278,1
0.058763015011841335,0.6294834020175308,0.7784851640779205,0.3829049909310108,0.06750157627412567,1
0.636952718112491,0.5794126225370348,0.1481534818994764,0.8185482556982853,0.5654678184689315,0
0.08244363942766664,0.47760908638324884,0.8226109802953557,0.2909182804165651,0.9646645399894892,0
0.460081022184363,0.8767960579512478,0.5467136381769486,0.10329075676693533,0.6328625464198472,1
0.05415128357822219,0.20227932576378316,0.29240006648625916,0.5160198895670637,0.5069608469220417,1
0.05446195117295416,0.18839305422922858,0.05072093897527996,0.546298858763177,0.9098718182745336,0
0.5209408515379765,0.08479645585128892,0.11139719418363181,0.8676763606921646,0.31176804493587695,1
0.5174266004287303,0.5261148807722302,0.28667549462516484,0.826880315552611,0.5457209315657804,1
0.6637561780236605,0.434940772482306,0.9356822732468699,0.25409643435575413,0.7205047328944396,0
0.12416802105321845,0.7752833046293334,0.9699983135223215,0.7932855483977278,0.9222504747891298,1
0.15266467109144044,0.44667105595201073,0.9582720949822318,0.08350884619675192,0.2988392849391792,1
0.8095310578177408,0.5181396895368997,0.953549092962498,0.46831170796748967,0.761222717721095,0
0.319404209659099,0.5186311735979158,0.28626920704928105,0.4081777181354891,0.4476803898324102,1
0.2957163431284121,0.42938985534690366,0.8058218632112049,0.45314056289443205,0.44612679171932135,1
0.8125144877857385,0.6885816299939399,0.21905890137734374,0.5601956632823346,0.5322698975709378,1
0.7260071584704944,0.345894996521537,0.4462449270334048,0.446375641401059,0.8173188700463391,1
0.7995362640067495,0.6497713245603012,0.014108706796414072,0.3127919371774388,0.8637456296833222,0
0.7294573524596282,0.6546848148618647,0.8351244095712327,0.8322697262818055,0.17921426063192525,0
0.9238731375127057,0.7606197907314409,0.8540716110487311,0.2625290845460152,0.029197722938410386,0
0.5634761361767041,0.5260248341320372,0.7006395498397472,0.6128486965608132,0.33459140126579445,1
0.948553215520678,0.20089928912891664,0.9762468197341929,0.10549902233189223,0.34551923399361695,0
0.5806334871435586,0.3177904242340015,0.44417225325551135,0.3274973760667774,0.9550637762029432,0
0.6169000393002211,0.5590535307288214,0.8235951618482392,0.0963033049301738,0.01062243719314937,1
0.9655328974781947,0.6257773738391282,0.6008044694853222,0.4432381337088326,0.2050119184293523,1
0.9505869952652087,0.7930559639772732,0.32279279217237355,0.7906472349452465,0.997989635652825,0
0.21632101933502035,0.9722522967162659,0.9871274211324016,0.44999932921625274,0.0710709251025684,0
0.5128409392653857,0.308037966838294,0.8351810479662434,0.8248135168442451,0.6392992510434052,1
0.1267206531197569,0.6431994587343515,0.07505918032950731,0.3202008571715549,0.505882996944088,0
0.6094606485735186,0.27651441391384946,0.7147987263302733,0.5806149203181208,0.314583321045642,0
0.2910563224316943,0.8464305645865651,0.30273592220345225,0.5542334708793766,0.8349862869574891,0
0.14383670588966269,0.980111223267901,0.8705503853778076,0.9785896312192782,0.6783097314632156,0
0.16800781623809935,0.8483392060998626,0.40556900242125693,0.687079813249231,0.13585504277886584,0
0.35575802520673117,0.6911178746241392,0.4007300163400812,0.30393712966847364,0.35864660614316546,0
0.29715471507460267,0.8443876963946656,0.4816444402212259,0.10302510531012099,0.09089061521113051,0
0.9828573867021695,0.19681484035543928,0.783716873805621,0.8400238458432046,0.42088227190791017,0
0.053359975895195144,0.6982094310121842,0.23844125649106918,0.14494395678802108,0.8491318097964456,0
0.6557058141465786,0.745720969527821,0.02767608739117966,0.08057590572374596,0.052191702929969774,0
0.32466717965844005,0.70643586821818,0.7969443014940838,0.014083382543870315,0.23261315485725786,0
0.32966488447968434,0.4247441502956909,0.2193176476904738,0.6212088966673578,0.09673823388963776,0
0.26427207085959836,0.2667093984958384,0.18707855556893171,0.6363539737653768,0.07695516020726456,1
0.5966045727542034,0.7933336501936419,0.8657129564470953,0.8238101058227967,0.8198160644133794,0
0.3117550828394824,0.9937388353308366,0.8665548149557064,0.26933127779967436,0.453293074812268,1
0.08661782389807404,0.5258976986311835,0.7449851981760245,0.7067767202684891,0.18596167652907658,0
0.18472959377173648,0.9510869582419653,0.06982904335386664,0.5143445703234492,0.0314450921791124,0
0.4515037147966796,0.18138240093415237,0.7224612063423547,0.07665023857915654,0.7723624494995907,1
0.4968995593215789,0.5085107188615917,0.6996415105939886,0.9735299520043238,0.5442717689526124,1
0.43446530160705366,0.8166669144844386,0.736462594318579,0.32700899131828487,0.0047661663644978924,1
0.5252591616526413,0.21061616273791872,0.016398739734732715,0.6679488473955429,0.9154469296774854,0
0.005059117277066982,0.561532789018153,0.7940470051069342,0.3539389071919966,0.48944338893720063,1
0.8217669962323179,0.2632431683943235,0.10452512375373801,0.6538048489619169,0.40654515769859,0
0.34467942145925234,0.6842272744750101,0.2500895397332813,0.4791048330090042,0.13949017227585825,1
0.30213032411590857,0.5321743870246578,0.29533611024159134,0.13726294476926537,0.39949574640136554,1
0.4888834882800631,0.07811265086295982,0.7318053759563874,0.4846372834531013,0.3005873209073028,1
0.7370900329249337,0.30595771255561954,0.494251389123779,0.6964513892949141,0.7309652737432588,0
0.23075580208989444,0.41293700637179576,0.6779354156003748,0.1702219543506771,0.11250060983631271,1
0.7522865850732277,0.13982279458229974,0.8432634601891886,0.07209318973167655,0.15463501272165148,0
0.6976728019879886,0.296249627198789,0.32053898946136394,0.5642892199466824,0.04907281044932599,1
0.4767438009026065,0.27760267369111447,0.9690408019064234,0.7831932901845997,0.33681397326934537,0
0.5546963111864461,0.2112034294857591,0.31171589895837704,0.19713274715311657,0.2511702231371712,0
0.6986754872338212,0.2494964728032516,0.5053759379839047,0.3622734429046567,0.06887858576780403,0
0.8013395818235336,0.34129185398835094,0.2943984767988769,0.6042490254718168,0.7877941754484502,1
0.5618105669992672,0.7979892042727633,0.1507875980647202,0.7353790876054263,0.039985221404740146,1
0.07638273393366035,0.48578857141484066,0.2213228453352557,0.5039977785286465,0.7229556188727859,0
0.2023454810238292,0.03236513826719878,0.6950007410509239,0.27767316339302106,0.3129173780806297,0
0.9301725857545693,0.4495408860530298,0.9919617801533727,0.9558059696500425,0.3410294555705232,0
0.2738128591496847,0.26901424091959714,0.435433453721627,0.050812603231609965,0.28380036909889417,0
0.768396984937114,0.982597900433059,0.6665895424115933,0.15584390263808878,0.12344844079139683,0
0.7329914311718609,0.7622414100261526,0.05100455552252714,0.568123370182703,0.2748420319304614,1
0.6183865095725561,0.4142278646659002,0.5215255648133235,0.6300249229756335,0.21485065254867253,1
0.1570138704301508,0.5765186266299941,0.11047950288048236,0.9310934415194012,0.2422722962848961,1
0.6373251899838438,0.10576603067104218,0.4637217781957089,0.6013626574324984,0.5627787815745343,0
0.38905604587105247,0.845097215261214,0.049741562191879085,0.44795733663671766,0.7462263243966054,0
0.9132898184853964,0.6296416120241158,0.9672547973922784,0.45356454872725394,0.2975777260771101,0
0.03084439502563252,0.3814461080307059,0.6984755830495163,0.19619707214104054,0.9367390430649464,0
0.6993682626007273,0.44462951366784087,0.05338602771303391,0.4974049502921776,0.5749366671205156,1
0.8741796372007122,0.5549783552845308,0.7293735664685259,0.2142036893788345,0.6005240251786147,1
0.13922893761568766,0.11480591180709321,0.2831145269611889,0.2069001711287194,0.15692254036183217,0
0.23853728680080566,0.23193664631965794,0.25040637573798685,0.2515985381884317,0.7514825002195638,1
0.2732832416362869,0.5080090638538649,0.37767832257623823,0.03630486192120974,0.8653316532563076,1
0.5356127552006238,0.9214457563574403,0.1548378796532024,0.38409693974774684,0.3278133346494102,1
0.9539250962922741,0.8918343862992307,0.120173724078668,0.07935477891795817,0.8488446761715922,1
0.391785966398267,0.3060828771272214,0.23856609644261528,0.6411499476027603,0.06672066534795085,0
0.22474122408373587,0.9325200070958914,0.24827938699550645,0.9695946888939285,0.7677636554112441,0
0.3187231590595385,0.41873082011067797,0.19113672095394707,0.5037776177149484,0.753467976091645,1
0.2444215457511726,0.0025000340553202882,0.5667148001711464,0.5346176437315227,0.12170754263135364,1
0.4134159971653203,0.22876983794452133,0.24120198748509802,0.11279437379955726,0.6000693819290371,1
0.7084473221262624,0.9063972837821389,0.8725581892445661,0.8562911981088623,0.7060832159101694,1
0.5515108818813076,0.9336764255366282,0.1226089457059042,0.1217324260581708,0.43186164209849154,0
0.43760726336164335,0.1526870614846939,0.4935757507367212,0.34270907605608525,0.004721604515870781,0
0.7119444245745532,0.012320298194300028,0.5143019400106946,0.3246674238116817,0.06708679825707642,1
0.7542547282873517,0.46686949648866816,0.9972126424412984,0.6593788633260962,0.6830715261323342,0
0.48924965692092803,0.11529037229355987,0.4427273446926011,0.2582737138233434,0.020432287695304252,0
0.9536208561301511,0.2997149871465735,0.9507391132040549,0.6373839512794737,0.8672218125793901,0
0.5563132792875027,0.775847158645713,0.0868984338297839,0.16464891937466997,0.027306571032346016,0
0.8492297616196786,0.7614649536868455,0.4806215458974693,0.23554070008037065,0.4641339015017254,0
0.7919901302593662,0.6142451171228271,0.14074828442140241,0.5509127572450195,0.910082110615336,0
0.006313067412145212,0.5514723000305405,0.11443686395345487,0.5679362739585773,0.4697756736278744,0
0.8922900976374488,0.6178664973731285,0.7601265085403273,0.8253195635951057,0.5203617435356028,0
0.7951908669492264,0.28418541984840606,0.5888329161689488,0.2209444284471982,0.8110924732280189,0
0.36045178061936956,0.48273282737868994,0.20297670931112977,0.9741264733700642,0.6319047118469091,1
0.050404767693512986,0.02090115101927592,0.35020033807154605,0.8979655456025416,0.2829206593240887,0
0.6521911913669742,0.09877733564305136,0.7190409069269612,0.23825626396477795,0.7321454844091098,0
0.4590559085786533,0.20244028349050702,0.7960690148013936,0.4744059941026719,0.8929495656428659,1
0.0050273353950479605,0.2652400023296533,0.8214534678552182,0.7686998511474249,0.37129067816134853,0
0.9247106977319239,0.4555928328947537,0.7461437008049477,0.37540159446092747,0.5327036245081703,1
0.9043804710102542,0.5753492541003037,0.14701672990969394,0.7073952078236785,0.6263940714966466,0
0.9968806759442725,0.24861626710091667,0.2855961316771408,0.005507394503382446,0.10660727543259929,1
0.4506822237102691,0.5257475263821679,0.41808863997705403,0.16875725041646072,0.1197548413394488,1
0.03539129876577618,0.4033982377903583,0.8767799211523053,0.6073510522333782,0.40474846425230493,1
0.9527492754315652,0.5480161453827139,0.6851493296511925,0.7071313018835751,0.4503122297522686,0
0.33806369302062056,0.876614119561205,0.45575633046496733,0.33394997570913865,0.19854739497342633,1
0.8900473731996745,0.5517241110069998,0.232543622445609,0.33551188363192885,0.7869558188880574,1
0.13180340811567015,0.2828108671159727,0.9337476716325915,0.2518006545000009,0.45303282214585505,1
0.30642482277621497,0.15366157811027714,0.5632159931162918,0.4485331855749892,0.9539221901145913,1
0.7021200803223471,0.7588130217497161,0.25095832657171957,0.40036082000317363,0.8299041056011891,1
0.6866815067196333,0.10188046438453702,0.5564805043785698,0.9369514972952279,0.6488705152670334,0
0.8199603939794066,0.9247219259733717,0.21116542754656187,0.1301356876508155,0.024912815275138334,1
0.49878677024321816,0.10086542380260666,0.43375412014448356,0.7960991316273156,0.692168079578352,1
0.5877882172598666,0.5791500443812029,0.5455929360602426,0.58704705173199,0.23354746630649992,1
0.20723644082691295,0.6897376660304582,0.8923155742335871,0.7356189895170074,0.30856223790686865,1
0.30248947963818096,0.4745831006637692,0.6572866202760016,0.9182555311397742,0.9859646451869079,0
0.9958716191274696,0.08499839676216547,0.8810435563584218,0.11477304372496011,0.05091793628997299,1
0.9925487830690495,0.656211002751426,0.7550974428644114,0.21209094890474123,0.8791315201685775,0
0.6459469373904149,0.39402887287908106,0.2664587964582783,0.9755094900644891,0.7120557624939562,1
0.06323908203592743,0.16986402883878438,0.5593983250443041,0.8767591833052971,0.42252604684482364,0
0.4895159746025217,0.10110388611470489,0.4115181433689674,0.7720973782660634,0.4366896247011737,1
0.9351929322063675,0.606917310576443,0.9531545471644401,0.034924362642185236,0.18210638234415344,0
0.3053256745583699,0.9974490943734304,0.008177762306504466,0.12297096160340604,0.034150413817205294,1
0.28742226531075454,0.4548256615127001,0.12208351084155866,0.4688684532163473,0.7169076177956119,0
0.9223086395238139,0.3692805271887124,0.7689698643371728,0.8631122655723715,0.8605744646816533,0
0.8522277858810979,0.07730637785374639,0.34505832022755256,0.27360266504715647,0.6597676950477078,1
0.8263165817869644,0.40201271231701863,0.5451351872844808,0.4152189720549049,0.8411005324826107,1
0.06558887059250296,0.7777273255144806,0.15708023295172668,0.495618960552462,0.10477057609570173,1
0.7156168861533615,0.3104902091359829,0.9749423909147299,0.3559344489122863,0.7794749621191742,1
0.6002393092179193,0.7755795856651766,0.4695893800789849,0.871946090300502,0.1688221200115525,1
0.41589664034483653,0.49768052204241875,0.7619870139604976,0.9722784482638425,0.813501925550702,0
0.6781547580626727,0.17752459091017347,0.18574467719123888,0.9035310684511412,0.31672027096707056,1
0.8665398819227075,0.5187596879259736,0.4863227161441366,0.830824854199415,0.9646342236594462,1
0.4066987289369649,0.8897026137718272,0.4829665609545212,0.4816074637799015,0.8106746102686425,1
0.15359865604889544,0.8777555650368515,0.00482054802601839,0.9433643137292176,0.7567690403249507,0
0.06380374884048434,0.8419265726439268,0.23333129985556378,0.23420743540200695,0.365685211915455,1
0.9321283071522657,0.29461679160386034,0.46074332299965304,0.942234622575454,0.41761110658012623,0
0.8222040563392412,0.3205791384985689,0.9052756386348588,0.9853541772389417,0.3620509790440303,1
0.5951179067942503,0.6831015811736466,0.3231829300683611,0.29264033472524287,0.868254656683263,1
0.4255605841938632,0.07462938807086772,0.030439150748719612,0.6768295436407193,0.3658273810056546,1
0.9743587825124326,0.43723473587862716,0.5371335117959912,0.8208063516102388,0.14560082829440157,0
0.8273446314243673,0.5785305125182579,0.24572139590932673,0.48815355205798605,0.6331086041991956,1
0.0039210553567127215,0.13648136783017206,0.7674737608703478,0.061656202191096465,0.9208691372494057,1
0.26200936974848954,0.7861492706906918,0.2749783085353188,0.12494326260946165,0.10244786704135622,1
0.6318500998055564,0.639761188484487,0.4922699969747425,0.8603292610710813,0.6247562678969175,0
0.29533520821881354,0.9464950267279019,0.8550510633702451,0.3105798281894854,0.41100422170008444,0
0.9541981094568853,0.3700481820186975,0.12254462873669392,0.2938675053311357,0.5352264773974026,0
0.029488691696849312,0.6245444388220827,0.03439594482617114,0.46702072199482836,0.3192117875257652,1
0.3714062455828291,0.28438022076720826,0.15318453302049218,0.21105188148739484,0.6313003849155768,0
0.12527118094404088,0.46389951568197585,0.8339629451308318,0.7588250855803537,0.9829413441154204,0
0.28614452003020574,0.9027172712074805,0.28313619548809077,0.8266835836922503,0.4580521994632758,0
0.7558841270107137,0.15365156097743016,0.019104830459379163,0.05029249814151837,0.6565327288303334,1
0.1328266816253163,0.7301150760094309,0.11826521112151833,0.08941780280918965,0.029558430881726272,0
0.03602711980821838,0.7368924573488487,0.7429939374259359,0.12523167799932156,0.918665782207667,1
0.04213501627462091,0.8026589553269078,0.12209545519711318,0.4569872742858009,0.13423475744906033,0
0.3253990345756025,0.3298295595199131,0.7955893465726325,0.3542260180696426,0.7107941365371311,1
0.22263904665855327,0.14613106716821211,0.4988622863232748,0.0659633772964181,0.09556477215455339,1
0.81075141049058,0.707219286209149,0.05639403945528698,0.5873777688448003,0.5595680642465904,0
0.07408638023978209,0.9665010145797863,0.4076797701934448,0.7342967146219921,0.13578142656547942,1
0.41248261468424385,0.8514372375620907,0.1935696536387631,0.7367182901582933,0.24293823010218785,0
0.27084483387766656,0.5400422090153392,0.1273130375558269,0.9786468516180793,0.09600127191313113,0
0.945695029111038,0.06931594469331082,0.25671192088376515,0.9856597939366437,0.9184861323003114,1
0.8502178403806356,0.3409684535137856,0.4147566984271861,0.6712438709467939,0.6833695019890228,0
0.050586517091481764,0.4003753072944898,0.6528470279511029,0.72587023426713,0.8352037867203987,1
0.06709089833502146,0.3640930355082068,0.4434185394024601,0.2502441448075797,0.9284664447023411,0
0.3453890785131095,0.885213412642336,0.2691923299670088,0.09936487400371463,0.13120371896687355,1
0.39311648137078703,0.8675438192563806,0.40241968217264357,0.7636650085837948,0.05533791677310185,0
0.8585084388055554,0.685988730795106,0.7663586539579024,0.9707156696400847,0.9801058486986458,1
0.9370139290932975,0.48654291987497467,0.038168089959264795,0.285664828597895,0.7768857553025991,0
0.12792574433701442,0.2573935203218142,0.7579532416726247,0.15258852460272254,0.5206304546998889,1
0.06132894566131797,0.6297540142100327,0.4481277486656704,0.09320517410350215,0.8797958901405171,1
0.6680465486192655,0.3394506220716046,0.8544149440877938,0.26897184989342315,0.4619357088046302,1
0.6281201684473003,0.673164635841927,0.41017573172650046,0.21679203808498881,0.31471559797684057,1
0.3257287540488887,0.1084100552916597,0.031230053709335293,0.3007376249742052,0.4920813274293433,0
0.5689749482612335,0.05733296040801006,0.9431412112867253,0.6423726316524592,0.11897811588964002,0
0.3998872283110414,0.9428940456059149,0.2797382004058925,0.44359764549446323,0.22001752166987676,1
0.05768227886149302,0.21176730544581468,0.5266972290720887,0.2734831826878169,0.013389451510852357,0
0.5308057856232591,0.15817654797663705,0.30019264127439516,0.07597475808244292,0.038667442886752834,0
0.6418828311083792,0.597586401171797,0.5648354378546694,0.4870872931295389,0.5606394646781483,0
0.5894571391709118,0.471647448665932,0.9024076348914254,0.21369774976789546,0.4544255933501815,0
0.037930545593188314,0.6212794704012208,0.6893670101485762,0.6692710002076555,0.5570071302957181,0
0.06900357881483832,0.47928730551829235,0.9231695823032948,0.5047980920824535,0.6104192725612025,1
0.16128213044538386,0.16790853632578973,0.9157224317197746,0.9233503909239642,0.11781465257089063,0
0.4328305364055389,0.9762139694592703,0.1517498801171845,0.8067695974354735,0.6507217606612526,0
0.6859557113667667,0.8239270942121534,0.40141001308363244,0.08822783078894736,0.7979975389019819,1
0.7257525152045381,0.7257557008761559,0.25963966762185364,0.10699344685563383,0.19814421782135605,0
0.6601645976824358,0.03835692513885536,0.7877023673787673,0.4943471534385384,0.5233096517403166,1
0.8060298650801353,0.8092707892578157,0.8643085740292875,0.8350733052787371,0.968005975286918,1
0.9756381578036778,0.15255896449002704,0.19656972158917474,0.8304628526065702,0.39223582116971456,1
0.3404827137441353,0.8408183045164396,0.016865786049851672,0.3577238583244471,0.24960470831225234,0
0.264931549415517,0.10988755328363953,0.040854960648535554,0.6468444852247993,0.33933813806610413,1
0.6354732912574248,0.38516235146805267,0.47596050057052897,0.4451186473118861,0.2764688732523781,0
0.6350895959639795,0.3700007495533616,0.13823253475362307,0.5705247936025771,0.1388101923818298,1
0.2814383228019104,0.07661003669368627,0.5692454910141999,0.07435230880917365,0.8687847173869546,1
0.30384374456736807,0.7910147926570491,0.7609963622331614,0.6146929732864969,0.8321588465939983,0
0.9655541398688362,0.6570624772770318,0.2513372062549847,0.5034588883923592,0.7377103525277665,0
0.5997341748486312,0.3125714438280284,0.10933810571417735,0.41087692529959996,0.8005764738134777,0
0.8651382333066054,0.3581947420728395,0.9685703180709981,0.8803647103038422,0.4170122915744311,0
0.5969863966906052,0.23130129825118306,0.7413025755524542,0.6836247770567078,0.1981227684482244,0
0.811983580843589,0.16676812015645548,0.12304566825348562,0.2421070006239624,0.8483559114355056,1
0.8361827552220598,0.05983285451022147,0.1645809071179425,0.9147735160449567,0.19087935734948314,1
0.6450026644641079,0.3907798301877946,0.05428170793446374,0.6236944883620363,0.20662524382909875,1
0.39767639164700386,0.12154327810682808,0.5968388724215882,0.20661730827758618,0.4025648710459533,0
0.5183743172997081,0.5947775594769777,0.7137946477723263,0.41545270387007727,0.01649352055294062,1
0.8831033031509691,0.024798399818757533,0.09711611051292535,0.13464423850644813,0.9424819044334453,0
0.4418999220326384,0.6653522904333392,0.3959359699123254,0.7495686977251766,0.3855566050966899,1
0.11405964152456594,0.2948333712941106,0.947403476636124,0.9404147410431812,0.38223304038115347,1
0.17618939358972407,0.39519332272546026,0.513120853107799,0.09623601373132395,0.1650221165108663,0
0.6034106816937026,0.6438168336057526,0.9311756344872557,0.7580408996856582,0.9206164337765703,0
0.2009089082776424,0.08605994397469119,0.832811315584168,0.41030760914244724,0.5498832178366114,0
0.011610322199774314,0.18599418262080947,0.10000811432131229,0.10263143192680924,0.8449921006202885,1
0.26030444456471447,0.013569894336021071,0.03715167969665356,0.9011107649542432,0.9832565096005437,1
0.16904659621696105,0.7190175613362086,0.44808815808179736,0.19009348593884778,0.4775246044307503,0
0.12034779035804088,0.23707085091756275,0.8431730479295206,0.6589393299721616,0.9883943204281236,1
0.8335948068565086,0.5471925460831302,0.39513709548114684,0.3121018543640214,0.025502922577880005,0
0.12365551478969083,0.6839967733013693,0.5100121465479318,0.8575658904577812,0.7750119136672299,0
0.3740366029501404,0.6169080773747772,0.30972768901617664,0.1350139845676076,0.7204751728653974,0
0.22585361963791517,0.9838173728764242,0.7001614000312282,0.767320832009266,0.47851203843835177,0
0.678931301247258,0.9887418412101122,0.5551190254962768,0.9590125061396116,0.5619187366416744,1
0.34807761662415004,0.7244367593588219,0.8407297861156465,0.06571636100497824,0.6651161035095176,1
0.402182925448877,0.4424953284069729,0.36986950249373884,0.36905160833859796,0.4635410353832423,0
0.520474109253169,0.3027051494357007,0.07542632320174081,0.2375223855190015,0.09480747444037474,0
0.3243154579210664,0.980914123603608,0.21693463847889993,0.3530552730185228,0.3231534074189486,0
0.4042815880194407,0.8576122833507202,0.15581076195070542,0.8658465937534439,0.13888241432605453,0
0.294255754470778,0.9204086402052175,0.6687610136038928,0.2211022068688021,0.1389784117312628,1
0.8032168041608017,0.8144596317026653,0.8851520493728736,0.3617484988104307,0.31684542322284626,1
0.565774806740021,0.5734377926167844,0.8404552885850283,0.3864132165132953,0.4616976639163851,0
0.7298337133390519,0.9777020385212486,0.8549389879889141,0.18523550845193326,0.12844572029071033,0
0.896667141320341,0.8870623013578184,0.10387364121355991,0.47651662162516617,0.7229281002590138,0
0.15548038984076695,0.13591722655757743,0.04675347970357058,0.011771349647756724,0.9145763577765671,1
0.16305485118169327,0.6579359893854831,0.2826629282576244,0.4622436116217904,0.46285407360128994,1
0.1998707892228374,0.3793949370858334,0.02666403547167906,0.2770729577198786,0.49026542807520035,0
0.5987520463124191,0.7095737345584912,0.8186177151269581,0.5024939286880177,0.2611942011446189,0
0.8594873223605584,0.3657150794011813,0.601770813037818,0.8926365632805215,0.40880282888451147,1
0.46551192097518834,0.5336688210610769,0.8329497479648961,0.17024915018182052,0.5741000662422859,0
0.88694976279217,0.23888120840484894,0.4315822347051289,0.2415930010746915,0.6935133602644398,1
0.29760721587302597,0.4399664916642234,0.6416117017932983,0.4161710820842055,0.6792307445708494,1
0.6872304392222238,0.003653371704227859,0.13161811553629577,0.1205856304755687,0.9422195552069002,0
0.08787228674364134,0.3025826517483876,0.5475560418620727,0.22091262447536786,0.12603558049175134,1
0.306045197010385,0.8422945432528393,0.017222163092678322,0.7002984825649351,0.6334256081754522,0
0.6791858425604562,0.8330258158270741,0.5818242372030729,0.8846468171704822,0.6270990302440946,1
0.6272839427295142,0.3203963311821766,0.9023428298200155,0.5296259263615929,0.8901454162042363,0
0.8146202866951204,0.7533700639802577,0.09840665223586875,0.15735013181422053,0.9159210322328573,0
0.36112197650447675,0.27118062987478475,0.9401418637595418,0.3806323421537984,0.6821099310195469,0
0.35127455278177244,0.5950711154652097,0.55053460434528,0.651904854821941,0.6943783504114107,1
0.505518335852629,0.3111084782261183,0.2843051435152343,0.3734938898436536,0.48573001979186226,0
0.7254745080997279,0.22400121617760427,0.4886650816751271,0.6710309770705649,0.5749178953038098,1
0.8063682383617261,0.5351940787951401,0.9710457266900578,0.5200256282504164,0.19832607593996265,1
0.4910877868965504,0.13873090503627938,0.39037545379265015,0.652855504002331,0.7929537195791918,1
0.6538098770766524,0.8066639632674165,0.6183042771546126,0.11802736933587576,0.43704804052872714,0
0.14666992344667507,0.09717693332805699,0.410098285070465,0.24935755942968774,0.6484588761066631,0
0.8084248958775826,0.3393739989468152,0.9051042937922279,0.6127308010674578,0.6140992296661576,1
0.13700306918104388,0.9498338117002448,0.6293579813492779,0.24072812015812173,0.7585923798370173,1
0.43134116488261576,0.5870317426427079,0.6867470460945001,0.7411078184802056,0.12492420671400017,1
0.3483595711853259,0.4545416020496339,0.5573247282567877,0.000456943401281662,0.7933781509102001,0
0.9243478603767523,0.22753704437928612,0.5419669419290174,0.4604446930431696,0.826810563957922,0
0.5213134222275372,0.789412220624686,0.40259366349240855,0.030056742893443622,0.8016151517742439,1
0.5263742242848356,0.337642156475218,0.07571474763835384,0.3613365374366113,0.26066371436639924,0
0.5908303651943948,0.8897361734524998,0.20077660144909903,0.23080596618748783,0.7117188291888781,1
0.9484710978891447,0.2352935768703338,0.8464512112128709,0.6729687075545602,0.2456567619515021,1
0.9285442981529813,0.7755712483003646,0.46266508332532474,0.5706736226966889,0.3303650250025626,1
0.7159833503051435,0.12330810045100626,0.6406792903056995,0.5399024671280698,0.9819240763052868,1
0.7957979312844591,0.19565868572656886,0.21333258918648013,0.8682896322302743,0.4916494042642803,0
0.8722147208297131,0.007994060519960766,0.7535099454034337,0.21541357691269125,0.4602563380519503,0
0.6678180892068166,0.5446333549862079,0.5378798092348624,0.9161660512630637,0.31620828361968956,0
0.3003423343497853,0.9516007779510909,0.2298343188971833,0.3804655698055942,0.8754510731887013,1
0.9054232236069132,0.0655876700262793,0.1766034423924685,0.020417493449951474,0.17325300331738125,0
0.03739139173888606,0.5702828171596684,0.5641137296682773,0.23922617184570394,0.8307675569870009,0
0.8876323167717283,0.1823890688063986,0.8084089015547452,0.5491249471568386,0.3939986071631104,0
0.7121974031782602,0.04616922852504213,0.20150784179273262,0.15214238586073792,0.9720779046464681,1
0.6106927325064234,0.09861469678848822,0.4763050197065507,0.297277906273374,0.2678903100629709,1
0.497220219511206,0.6072753013775853,0.5113450207425191,0.9565243343223098,0.6916645120161017,0
0.5248100407182108,0.21969076682509925,0.007855872432299127,0.09961812609814469,0.6961924129431811,1
0.9251328327707029,0.5650936409541258,0.12668145686168375,0.3451773776806122,0.6296408374477535,0
0.9046620305160574,0.9904258202154107,0.6736090467106758,0.6967130417247447,0.18522525676089185,0
0.581328470532085,0.446494202860374,0.6099723844040145,0.9470265676131238,0.08080833492141049,1
0.1424314136951541,0.20730107359648853,0.533223593585716,0.04272511705593662,0.3951247406736871,0
0.6438135309384823,0.7066820323870039,0.6958022031705592,0.6828845825519464,0.19066047538984754,0
0.5367205188373038,0.6876699076421765,0.13927739968078978,0.07047151683226704,0.642588200715216,1
0.5692352332807877,0.42089355456883426,0.7569059847727322,0.01587522204860181,0.5274514598987186,1
0.33344667763464886,0.28861140201204927,0.6503140006340196,0.5733688521840319,0.13034842255027557,0
0.11659184617382201,0.7376225067599512,0.6351673686815219,0.6358269534165282,0.35273202212501265,1
0.0030394738637284924,0.14289239396596465,0.23805212954450583,0.1503409140334141,0.29839886634979107,0
0.9859256092452962,0.6522188403754556,0.27930246202590814,0.31944007061113233,0.3849334749722284,1
0.7581615326800092,0.23314438720070552,0.7052282558737943,0.04663212044253129,0.3441253941691136,1
0.9896848413160431,0.6135632470441795,0.49334453513351795,0.11722521259524443,0.965249050161065,1
0.9096808340386007,0.48651591945475714,0.6777940278119795,0.32758078247766087,0.7423953659145818,0
0.22053299991074904,0.47928234008012827,0.6083771411435913,0.6754001603398603,0.1985892684814583,0
0.19590016402203358,0.4817939011475977,0.0037213413516092864,0.22952344290542148,0.5821979257477259,0
0.3961493287068465,0.8853864842678694,0.21458565863397117,0.8028287442013755,0.5283682953100265,0
0.17412596319976337,0.6803658792468684,0.5562849440764991,0.04899567738079902,0.3765841845530893,0
0.9319373045351951,0.8141391090502118,0.9042780364040119,0.017165221633638095,0.8969461438948566,1
0.5495096536889925,0.5241593725908189,0.44228708393754046,0.18538920550551485,0.3701241479343518,0
0.024440617904991635,0.9788575351729281,0.9191387256270452,0.6488609606038291,0.7416935445941456,0
0.3856891954219115,0.9302397438989745,0.4706136335691745,0.9913331645003545,0.9561102306014021,1
0.22347438448164092,0.778702513834331,0.826109880438974,0.015865092820236737,0.47987587075833193,0
0.850640740167639,0.743485159990428,0.39158875287016925,0.9464271356022493,0.4019710122862179,1
0.1696832350323797,0.7169041296272285,0.42019592947233486,0.5791960349759694,0.8735138912858992,0
0.8583082323219267,0.47162909765128247,0.6756514762138939,0.9847574766721632,0.7974498902020803,1
0.7689322515749669,0.9637177398309573,0.8771099665315277,0.7996757434022504,0.2699226241968098,1
0.6768095607726289,0.11667235194913739,0.14056891635759627,0.9967019774905027,0.14338938676873858,0
0.877438849638791,0.32883696146292174,0.07833132909484908,0.1233636126145422,0.2116634747427617,1
0.17616995332768948,0.7694744827901008,0.5402066380390498,0.6394124183627538,0.3093597799056942,1
0.7650428740578166,0.1382920658413458,0.5708446796715908,0.3367420871709289,0.5672542045765239,1
0.3264103454393382,0.9957901794760922,0.08899271973379319,0.9317229146650309,0.5406723847644116,0
0.010595826312629675,0.9624905900314055,0.14309204049711677,0.37365941952045856,0.8508749018106,1
0.08156460923122621,0.24286335737756226,0.1847754755620612,0.050805264968004304,0.5721571367061676,1
0.012233864279594386,0.6955208277999451,0.12195019851318689,0.31118939483364516,0.6459303940025878,1
0.6863403749382964,0.7143094554689612,0.05058636889931778,0.43456904208793046,0.5602639125156048,0
0.4405015364583791,0.1067999912617551,0.33855505936936137,0.8363983489471085,0.37177384158617355,0
0.1872208773504368,0.6462655473283846,0.6182478851503685,0.4225556052588961,0.21906337505117202,0
0.8025660956226729,0.1131285317313947,0.6442529002883124,0.7970006885191984,0.7469611860151029,1
0.7329251563129554,0.9548339381055471,0.09459262037741223,0.20382629815860187,0.8225075588883393,1
0.10109763458220233,0.12017304227934922,0.1847898176292666,0.6269083173156175,0.12822112772252714,0
0.788820625250646,0.3305857832128599,0.25725734850434445,0.34930441553553837,0.5975871562799914,0
0.5214022905856167,0.5432639635223584,0.0666771608461949,0.9984983575009705,0.409644420655329,0
0.1325247033847765,0.27819275294891166,0.5672637163346891,0.5435649811457237,0.7317458591146196,1
0.954502517194249,0.27816062485777227,0.5571189019284953,0.9502435135764132,0.24551878127991278,0
0.43167828245666695,0.4179616555230554,0.49118728537208245,0.9288517890272764,0.5721576766719287,1
0.008566628927849762,0.072539747395865,0.7150071673969601,0.552339399637791,0.6402897996474558,1
0.3254621992931187,0.8159150344684035,0.15074854545591665,0.06031587652049997,0.7970515154591818,0
0.930853957631122,0.6195180888023409,0.3176662738762456,0.07090400273866593,0.6885946507788873,0
0.789135238602433,0.49352825476393947,0.4884038391204153,0.9332411023970264,0.8837482521754965,1
0.10150868274178115,0.9164181128732761,0.24414701291039287,0.12361951376824365,0.6587763475047931,0
0.8044285856162702,0.7001620963359719,0.8562965419436691,0.17178040542090323,0.15018665396801667,1
0.101745653361764,0.8872858096087619,0.10080430809886365,0.7780019124408332,0.5855674588824173,0
0.45299285980935977,0.7307162358640154,0.6115541267000966,0.8919521558667278,0.6894697751322736,0
0.5395206361698338,0.9232239341991663,0.8995093928926519,0.7389120906912556,0.9313330843194928,0
0.637805227629919,0.10235009092382519,0.1745756765199229,0.8543486993158149,0.8429370188736403,0
0.9604458052737687,0.7650713557116907,0.14034106729782947,0.8344914035428845,0.658550949766076,1
0.22850903762843267,0.0011417874368531145,0.5054471233441646,0.5529867516899358,0.1968410153592507,0
0.5986811035873356,0.26216477156229234,0.6171592603911147,0.963926685093863,0.568772748710333,1
0.9286497162678355,0.937607070777785,0.4967672933023177,0.010491224962892676,0.8216840132188324,1
0.039224019735959015,0.40484650477348283,0.9070282928104904,0.08525231290119639,0.7045948279938432,0
0.9463673644540471,0.44893093227523195,0.4211338846995283,0.7166096618800373,0.36597557740491427,1
0.7450771699868849,0.1944869860369769,0.7743327841302728,0.21085714574160375,0.05215999175404262,0
0.19542121295977544,0.7616382605434171,0.6978714054948525,0.1653391092802614,0.14150801288811254,0
0.2993300023035226,0.03429778355218649,0.960019134205252,0.7572104939129364,0.2949514815926646,0
0.9444347861869432,0.6674288059165868,0.9789581962530813,0.8735391568477977,0.06279559384566402,0
0.8509415231420708,0.04389843326123377,0.00992099550360126,0.25539752427938034,0.5436882843518352,1
0.32231970866982984,0.9900782918500537,0.5380828163750727,0.8187287927656496,0.03095955808585571,1
0.6417783077007989,0.6073053608520786,0.2812165523871686,0.6168043111307668,0.41984949781146497,0
0.8253793196370203,0.13012129001646733,0.12531128105275768,0.09001674513058466,0.07384804150562008,0
0.7866292310735616,0.9099379476141547,0.662097499335315,0.3107169023904136,0.9146081856229431,1
0.5850059209851988,0.4519535563434067,0.6570284486653417,0.6743997873882517,0.5957762316191796,1
0.05153614294249986,0.8683842904451856,0.41190208048260957,0.36726676948267845,0.2281526500435741,1
0.12398310293016157,0.5122185700710594,0.9730156374657869,0.45279637503946646,0.5445620554758378,1
0.3100903182974255,0.03699157411753562,0.9976607553027668,0.47126845810361817,0.16333129412017622,0
0.2509764164057442,0.777312342914595,0.5165670278785537,0.6397171691885755,0.06763861172390695,1
0.36005909444057316,0.3112354242838512,0.5828997941601383,0.6325871406112642,0.24536996790381138,1
0.2036002533683341,0.8463633281882209,0.5651807011575277,0.9977073414795217,0.31288442203987554,0
0.8127847246422909,0.30913607210767413,0.5434227018732397,0.19672248582562335,0.8286115500176088,1
0.3398967756115746,0.35648047102980207,0.7061527102786892,0.7910449737417677,0.2683880228269715,0
0.5435397519623617,0.3802671243724045,0.8477727296642291,0.6965371076156227,0.46704574460659654,1
0.4790770614109576,0.4062352025805803,0.6310128622022015,0.86204181348885,0.05335457454471737,0
0.08792430414947228,0.5023741285007775,0.11398008511823843,0.015866308806467777,0.2901022735493227,1
0.467898796946156,0.9003386386040614,0.1951894275343019,0.5802221752652397,0.32438520494066647,1
0.2918840279732974,0.755464276118713,0.3121093664560979,0.30510727386685565,0.6662276349966179,1
0.4769346103298455,0.9521018497328448,0.710700003148423,0.2778290787329536,0.5528736335398995,1
0.9917531143431563,0.13829981618528198,0.03704281218814487,0.4764643527637785,0.14863743197091706,1
0.4153432686455286,0.5126080070936052,0.9506186107015029,0.3385861296897664,0.26711850426478534,1
0.8782068224520291,0.0010711533402795181,0.8534638362603717,0.513999685463356,0.857295215584285,0
0.6607423202272162,0.4962110417896499,0.4423276516970185,0.18181139315999695,0.7920150470954848,0
0.8861565786691706,0.5490245382795147,0.08535078898051252,0.6087407020343727,0.7830721103682082,0
0.05325420914907253,0.7563518521258639,0.09299919797048795,0.8902536297511433,0.3627487496453967,0
0.7488253256141142,0.20461255124774613,0.8548762105969216,0.29183075081205967,0.724526247708936,0
0.3657997215516615,0.7689373617882882,0.7630138179829914,0.32246455082474734,0.3693740683911252,1
0.013784578332715736,0.06897025768301068,0.5189150651819328,0.06365264169187335,0.9646634211386725,0
0.7612579884469527,0.361626310371283,0.3543348998518334,0.22316885629959415,0.9266473511573706,1
0.3454835007560332,0.6158064416027289,0.2901262726132954,0.5108944770937118,0.031848342877313085,1
0.6720785335741968,0.4182528843939459,0.6095117034954453,0.06678762751592826,0.6032895359508422,0
0.8405191314267294,0.08160664175912291,0.962100419771977,0.3128716820512456,0.8226561330922725,1
0.5011140980327264,0.006087628700880532,0.7940076438259359,0.4545571958491884,0.5479780845731422,0
0.24877747519735904,0.20780701019340508,0.7641613978436101,0.8465384004667718,0.1283129720208931,0
0.2923797281384334,0.5779022191659957,0.6114880156932242,0.4406509686307043,0.7093872951325798,1
0.3183157103486578,0.8710849366378346,0.2774781481621845,0.7738626397598372,0.871399855415587,1
0.9446035184180952,0.4680886884397979,0.6531076849215045,0.20749203429928487,0.5872671975963567,1
0.9188420183728779,0.8148306665740176,0.9038876790193545,0.11919569083878101,0.5023774408377946,0
0.6035010614703261,0.06864748352010741,0.41280989622520525,0.4373603286532206,0.774121583533479,0
0.08233354271348081,0.5767068584893927,0.17548169459987273,0.2742157632548281,0.6591733497065578,0
0.2085030965536474,0.8782301327387193,0.523808623336108,0.666465949175107,0.247210859282463,1
0.057922659159950984,0.508178648324749,0.6031702813681106,0.5683238393293751,0.6862718452386621,0
0.20800567234251488,0.21810106432420673,0.9254269992184859,0.7821975967787118,0.4044373891471996,0
0.37840024611309975,0.6689106925587736,0.5815644548530313,0.25423651888714727,0.1646058506785294,0
0.7865624072789992,0.7008958838862914,0.4002801528006885,0.6854114396222019,0.3918594039368548,0
0.8754860032166648,0.3412637910453944,0.1580408018670536,0.0469411272524749,0.13849633714120102,0
0.1437259611590519,0.7098543268475513,0.9292104398104523,0.9153512386216496,0.38368651681183896,0
0.18970669724831768,0.8568037472699105,0.13063546601045672,0.39684858197314454,0.0692636393018562,1
0.34666264285382153,0.2900088596111853,0.5811481854956554,0.4709485144518659,0.5245188530778391,0
0.3184109310975518,0.6003915301203968,0.05280493327594127,0.9051107926091685,0.5417830956427625,0
0.9101524021728226,0.8729446945704581,0.6258286450861037,0.6707881963849746,0.09985090988809764,0
0.1319830119804516,0.12497604888274771,0.4705906377216803,0.06869112813145617,0.6451907665663015,1
0.8002360991761223,0.561022462332289,0.8743232828340455,0.647031385956362,0.4813508010237866,1
0.7878483273519906,0.3323923456584732,0.6747026142215852,0.1861212546237354,0.6943665853433383,0
0.2353937173220204,0.7345051637681917,0.5665238070964154,0.6410612306389137,0.35872578549882717,1
0.8500252755516293,0.8336277133181706,0.6193403588232164,0.6646973111062915,0.43677086031370504,1
0.2727474996599998,0.887624090769943,0.05992479216353519,0.38939367362368127,0.384506707016783,1
0.23057610974509735,0.6628767623794402,0.8223445928091975,0.9903826679911121,0.022722947854103115,0
0.233680595188134,0.5569405799640856,0.04478984426455768,0.14296907637920098,0.5395084738490524,0
0.34230162399261777,0.7494711211044798,0.1735274695224286,0.426693456290022,0.8896939855529854,0
0.4383241806141539,0.5466601793953646,0.08381445264276266,0.8928111662413535,0.7332130939600704,1
0.177302878000554,0.9991748278504912,0.8400807753326279,0.6650425599286591,0.49120090754053336,0
0.5493247420808468,0.8696344574163819,0.877611231417074,0.8179325800618427,0.9438787911647046,0
0.44599228973868577,0.5763120655018015,0.2950044782783817,0.5750446656011352,0.19990349346970537,1
0.5437060914759472,0.5164165274632863,0.14020209122657346,0.9080545136615616,0.13857115679134802,0
0.44865185933929164,0.6307998906384541,0.42471390627683936,0.7656165073356409,0.7833668672217928,0
0.3673831174927662,0.3060369431134977,0.03507053612829458,0.9906127743615445,0.8315299094173774,1
0.8880269261407185,0.8615567158544267,0.36399697508849604,0.644091789692617,0.18146935540581177,1
0.6813851902489583,0.46696974963828974,0.7605736349100937,0.22022299161194947,0.6488073543289556,1
0.5513372846144023,0.760117350881425,0.78300614741812,0.9827081021523925,0.11250079857903228,1
0.13310479555382793,0.35801063884704953,0.7205445456783204,0.6379262692698484,0.7764040951838367,1
0.11917735518112815,0.9921360138256131,0.11423740233429114,0.6016574208969758,0.6986277291339502,1
0.3413401747912912,0.8010155085621676,0.9257460527033362,0.21951546071377648,0.18008569869384183,0
0.5449786249563441,0.2408426237830894,0.16223212373472717,0.5018289938559704,0.9893112541754375,0
0.4137066092598526,0.8578464268267687,0.7728869359074336,0.2938609961562251,0.20563429753747997,0
0.48237997105957364,0.32985262918849667,0.6091146847221016,0.6572554394004542,0.6193501336799441,0
0.12572125145384394,0.8442890023284292,0.11088413443890488,0.7002474790210622,0.6433424494627455,0
0.5473405815648607,0.4016988359068858,0.8150408221831854,0.48070269881933636,0.8093379616052395,1
0.050806638147229743,0.8077541163746085,0.28823212096401396,0.41826636583963805,0.6890207193676479,0
0.9620583853265701,0.48842975492647056,0.3314747272078087,0.1796240095731082,0.118161122206358,1
0.3195325694916976,0.8796144267576099,0.776700704751458,0.9062892712254348,0.7528575771876008,1
0.3033609070645432,0.49223009437668297,0.7546526652438632,0.10356136933182991,0.7480495488394177,0
0.5606710912887609,0.8092294645895595,0.8241161490329956,0.7351838595056147,0.7344641035082089,1
0.3177826579499874,0.8215696047284441,0.7442528252494683,0.43682227772607773,0.9905725649141666,0
0.48280441773742744,0.5349617436980131,0.6016577127337778,0.6985814533757685,0.9022429682960331,1
0.3012825772543809,0.6203002011888138,0.04625769072087982,0.11581658926451621,0.15288172215901608,1
0.6553839113103701,0.296424905294293,0.17382984279251845,0.42891024067466466,0.8497652348616881,1
0.9496155637015941,0.1323452812075866,0.7550339870732916,0.38020950012269494,0.24201773518304015,1
0.4933178753122408,0.4657783235802345,0.4212427417008757,0.008055273183736,0.4508218776234648,1
0.4663387088068458,0.6549233902755005,0.26461114940025765,0.8986511343108767,0.4127390809611843,0
0.9212817219136042,0.690990996489063,0.27898537109995614,0.0735730235085752,0.7422727906024997,1
0.33861204180094484,0.671070895442179,0.23844863383181203,0.7172566088060469,0.7338485239964462,1
0.9538979028415981,0.6016447014416568,0.5620820575232577,0.10116355495253715,0.22798203869605282,0
0.7661296870195506,0.36389280109267963,0.458217721971247,0.828253514263913,0.31960409375433774,0
0.828153497223471,0.4194105509376985,0.9891489895714921,0.5861176619665218,0.3797300331581115,1
0.48163531270572957,0.31540502465626163,0.4391438373306462,0.47521751000135526,0.5995491910243586,1
0.22308166404659036,0.947287017367644,0.2760608937803469,0.6330183390074275,0.7552619969768126,1
0.36548004172456716,0.34279944591747746,0.7442491366628368,0.8493933322482601,0.10235976372249944,0
0.6303968079107725,0.03840599515427212,0.8678878063921361,0.4481307383190456,0.7090286575125209,0
0.8992295567129436,0.4672918185345639,0.05840880184788588,0.24454198628780965,0.21433615432624908,1
0.7983247323038095,0.8429774431031372,0.15566053851256367,0.22122234129536122,0.6236944451705575,0
0.3473092030678041,0.535873851830434,0.8406107094516663,0.9682606776838538,0.17246744480884701,0
0.40959069980744944,0.9021467383567171,0.7890279235666161,0.2909893398359784,0.1483585423760887,1
0.4624502358672321,0.7079220455046082,0.9972712708682935,0.6752930736602735,0.5264897803580573,0
0.8836319597856306,0.23429604926125103,0.8181424439598073,0.10783782407535492,0.3738978222309254,1
0.9206514590187046,0.9828885539907797,0.6344609018080374,0.5745782780511921,0.395553911115642,0
0.38492657519779483,0.10330427719304158,0.10344956527882687,0.0066973337640404695,0.8483851529089488,0
0.47673939999876724,0.5956192786835156,0.40184012404296654,0.6044931646049341,0.04713110147539923,1
0.9678204741510124,0.15136883584445782,0.9222843049240185,0.742139808758141,0.8635427785644709,0
0.16601913493647302,0.884701168656986,0.9355965178891503,0.07776508156095396,0.7981749995283198,1
0.5427556601139065,0.7746895546670851,0.9361469146823678,0.9460068067439701,0.22119018443821492,1
0.9352692729939814,0.9805348087643164,0.8727736539754983,0.3444256217359041,0.6845610798858277,1
0.31034527851451,0.681696860042675,0.5175047600208006,0.3743657696207443,0.9438859365961793,0
0.11938960144263977,0.4067204344014852,0.9199867697105408,0.24122107295038786,0.45239142077592975,1
0.8110240463814297,0.6143107679971577,0.275622127034146,0.1286424664336232,0.8058235436670877,0
0.027654223301262326,0.6985635859439645,0.7191231991573268,0.5834206422156039,0.43655063131290694,1
0.12828725114891526,0.34962552448457807,0.7660312991749043,0.34705581538813457,0.5500147825201682,0
0.588908344488551,0.009385691840850696,0.42648635977202254,0.14983638456808523,0.8150456334032519,1
0.635295244201247,0.4143967414977634,0.03283117672508007,0.8148282923177218,0.033567932080524554,1
0.6868439668245199,0.5918854172363639,0.5692927235804801,0.09503684081915509,0.1514188488846725,1
0.8675611930208913,0.49976083356524115,0.7936911215943359,0.3978196081512778,0.51073696741181,1
0.8772757415787751,0.5939990036402353,0.33108056396839647,0.15692710681584476,0.6133752028034934,0
0.9743802143155277,0.8453874053458229,0.5869376070669247,0.7595843930005579,0.007129465831033688,1
0.786067746023127,0.062769736578843,0.19772800929612044,0.19759783845149237,0.27538957529021446,0
0.43502208238103257,0.12007631810067443,0.2801656574432112,0.29133296790508567,0.29848453062093006,0
0.3276508231085541,0.24833105580428394,0.8285261923406639,0.3146044071306593,0.7174191835618,1
0.6018715390193313,0.3169095595362498,0.8496342642119623,0.44476182922732244,0.8737760799192081,0
0.6862603523039589,0.639314112534152,0.9530047472856915,0.9122444998730369,0.3580811774023419,1
0.43393542751670533,0.07291367286053929,0.07337649199299479,0.714412918573194,0.9880775294972594,1
0.44299398317720895,0.2502076834891067,0.44949204914435525,0.6338453743548,0.3858456942670334,0
0.4649025195281412,0.28798735784688323,0.1961284805411212,0.05133951455496788,0.5635671163585445,0
0.48751669878881865,0.5311533646611459,0.07570032637925628,0.11918822368748772,0.19351830320921826,0
0.6454190528231067,0.27329008481981565,0.9661248687497295,0.8133429557953751,0.4155970205767765,1
0.1838356492224772,0.5965265249553071,0.06379422474400898,0.13477086009625738,0.18136399141352855,1
0.5651302782574776,0.15080297424580102,0.9180496712975599,0.11553488716773952,0.17699099264847573,0
0.9871907603185529,0.5923184229245602,0.9171289743382266,0.6639959733294062,0.14152547361843892,0
0.9899685503321725,0.9135692799264612,0.04794332152077074,0.8035130066563101,0.5307000221007928,0
0.16000774089253678,0.9048530850208606,0.5451619067096544,0.3079866178725621,0.6599745851275369,0
0.6674025195841381,0.31221855189278913,0.8212217239541304,0.5419496213460172,0.9860799836976769,1
0.3487827898858148,0.7844527463798714,0.775351814523759,0.02588172994473803,0.733581414764191,1
0.7339747279567036,0.5277566053795795,0.2185313616042175,0.6471990239880385,0.11983083160818819,0
0.024108749179366562,0.0982914952014724,0.5687504655867491,0.6174264934013182,0.17462230482015162,0
0.661156762569317,0.4473143718194901,0.7416668671946866,0.8900651846570556,0.6246102130806495,0
